;;R12 145/70;;;;;;;;;
1000224798;284655;R12 145/70 ECO EC201 DUNLOP (J) 69T;1500;1;;0;DUNLOP (J);R12;145;70;Нет
;;R12 155/70;;;;;;;;;
1000224799;284657;R12 155/70 ECO EC201 DUNLOP (J) 73T;1500;1;;0;DUNLOP (J);R12;155;70;Нет
;;R13 155/65;;;;;;;;;
1000224715;K9765;R13 155/65 AA01 YOKOHAMA 73T;1628;5;;0;YOKOHAMA;R13;155;65;Нет
;;R13 155/70;;;;;;;;;
1000219557;2227700;R13 155/70 PLANET 3P AMTEL 75T  К-360;1431;1;;0;AMTEL;R13;155;70;Нет
1000219513;2225300;R13 155/70 PLANET T-301 AMTEL 75T  К-309;1431;5;;0;AMTEL;R13;155;70;Нет
1000250971;162032;R13 155/70 TOURING BF-GOODRICH 75T;1500;1;;0;BF-GOODRICH;R13;155;70;Нет
1000224800;290099;R13 155/70 ECO EC201 DUNLOP (J) 75T;1400;1;;0;DUNLOP (J);R13;155;70;Нет
1000243616;592452;R13 155/70 ENERGY E3B MICHELIN 75T;1500;1;;0;MICHELIN;R13;155;70;Нет
1000218171;K9780;R13 155/70 AA01 YOKOHAMA 75T;1489;1;;0;YOKOHAMA;R13;155;70;Нет
1000262082;F5471;R13 155/70 AE01 YOKOHAMA 75T;1610;11;;0;YOKOHAMA;R13;155;70;Нет
;;R13 165/70;;;;;;;;;
1000225307;2227800;R13 165/70 PLANET 3P AMTEL 79T  К-361;1344;2;;0;AMTEL;R13;165;70;Нет
1000219110;K9778;R13 165/70 AA01 YOKOHAMA 79T;1615;1;;0;YOKOHAMA;R13;165;70;Нет
1000262086;F5474;R13 165/70 AE01 YOKOHAMA 79T;1650;2;;0;YOKOHAMA;R13;165;70;Нет
;;R13 175/70;;;;;;;;;
1000001849;162034;R13 175/70 TOURING BF-GOODRICH 82T;2151;4;;0;BF-GOODRICH;R13;175;70;Нет
1000248345;285429;R13 175/70 SP SPORT LM703 DUNLOP (J) 82H;1650;2;;0;DUNLOP (J);R13;175;70;Нет
1000244319; ;R13 175/70 ATRACTA LASSA 82T;1512;1;;0;LASSA;R13;175;70; 
1000250021;T428042;R13 175/70 HAKKA GREEN NOKIAN 82T;1948;40;;0;NOKIAN;R13;175;70;Нет
1000245991;2125900;R13 175/70 CINTURATO P4 PIRELLI 82T;1934;5;;0;PIRELLI;R13;175;70;Нет
1000262576;2175200;R13 175/70 FORMULA ENERGY PIRELLI 82T;1647;17;;0;PIRELLI;R13;175;70;Нет
;;R13 185/60;;;;;;;;;
1000254129; ;R13 185/60 MA-P1 MAXXIS 80H;1931;18;;0;MAXXIS;R13;185;60;Нет
;;R13 185/75;;;;;;;;;
1000275332; ;R13 185/75 Я-427 (2007) уценка;100;1;;0;ОТЕЧ. УЦЕНКА;R13;185;75; 
;;R14 155/65;;;;;;;;;
1000262092;F5478;R14 155/65 AE01 YOKOHAMA 75T;1820;2;;0;YOKOHAMA;R14;155;65;Нет
;;R14 165/60;;;;;;;;;
1000264104;1580113;R14 165/60 MP-16 STELLA 2 MATADOR 75T;2172;1;;0;MATADOR;R14;165;60;Нет
;;R14 165/65;;;;;;;;;
1000277500;356217;R14 165/65 ECO CONTACT 5 CONTINENTAL 79T;2342;2;;0;CONTINENTAL;R14;165;65;Нет
;;R14 165/70;;;;;;;;;
1000262096;F5472;R14 165/70 AE01 YOKOHAMA 81T;1778;2;;0;YOKOHAMA;R14;165;70;Нет
;;R14 175/65;;;;;;;;;
1000262735;444797;R14 175/65 G-GRIP BF-GOODRICH 86T  XL;2074;4;;0;BF-GOODRICH;R14;175;65;Нет
1000265144; ;R14 175/65 ATRACTA LASSA 82T;1750;3;;0;LASSA;R14;175;65;Нет
1000250470; ;R14 175/65 VICTRA MA-510 MAXXIS 82T;1400;1;;0;MAXXIS;R14;175;65; 
1000271836; ;R14 175/65 MS800 MAXXIS 82H M+S;1714;5;;0;MAXXIS;R14;175;65;Нет
1000256911;889293;R14 175/65 ENERGY XM2 MICHELIN 82T;2618;4;;0;MICHELIN;R14;175;65;Нет
1000256108;17169;R14 175/65 CP641 NEXEN 82H 4PR;1760;3;;0;NEXEN;R14;175;65;Нет
1000262695;816569;R14 175/65 SIGURA TIGAR 82H;1690;2;;0;TIGAR;R14;175;65;Нет
1000261991;CBPTR92817G14TH0;R14 175/65 TR928 TRIANGLE 82T;1600;1;;0;TRIANGLE;R14;175;65;Нет
1000262099;F5011;R14 175/65 AE01 YOKOHAMA 82T;1710;1;;0;YOKOHAMA;R14;175;65;Нет
;;R14 175/70;;;;;;;;;
1000262706;887951;R14 175/70 G-GRIP BF-GOODRICH 84T;1750;2;;0;BF-GOODRICH;R14;175;70;Нет
1000224803;290109;R14 175/70 ECO EC201 DUNLOP (J) 84T;1800;1;;0;DUNLOP (J);R14;175;70;Нет
1000254141; ;R14 175/70 MA-P1 MAXXIS 84H  M+S;1744;21;;0;MAXXIS;R14;175;70;Нет
1000256158;11778;R14 175/70 CP661 NEXEN 84T 4PR;1625;2;;0;NEXEN;R14;175;70;Нет
1000258370;2067300;R14 175/70 CINTURATO P1 PIRELLI 84T  ECO;2608;1;;0;PIRELLI;R14;175;70;Нет
1000248623;1811400;R14 175/70 CINTURATO P4 PIRELLI 84T  ECO;2267;1;;0;PIRELLI;R14;175;70;Нет
1000248430;27280;R14 175/70 SIGURA TIGAR 84T;1790;31;;0;TIGAR;R14;175;70;Нет
;;R14 185/55;;;;;;;;;
1000274680; ;R14 185/55 80V  AS01 YOKOHAMA  (2009)уценка;1500;1;;0;YOKOHAMA уценка;R14;185;55;Нет
;;R14 185/60;;;;;;;;;
1000261760;PSR1253203;R14 185/60 TURANZA T001 BRIDGESTONE 82H;2350;1;;0;BRIDGESTONE;R14;185;60;Нет
1000272620;4610014473941;R14 185/60 HC768 HEADWAY 82T;1450;3;;0;HEADWAY;R14;185;60;Нет
1000244304; ;R14 185/60 IMPETUS REVO LASSA 82H;1850;2;;0;LASSA;R14;185;60; 
1000271451; ;R14 185/60 MS800 MAXXIS 82V  M+S;1815;8;;0;MAXXIS;R14;185;60;Нет
1000256110;17172;R14 185/60 CP641 NEXEN 82H 4PR;1800;6;;0;NEXEN;R14;185;60;Нет
1000248621;2340500;R14 185/60 CINTURATO P6 PIRELLI 82H;2108;5;;0;PIRELLI;R14;185;60; 
1000277660; ;R14 185/60 NBlue ECO ROADSTONE;1800;3;;0;ROADSTONE;R14;185;60;Нет
1000249881;F4500;R14 185/60 AC02 YOKOHAMA 82H;2021;8;;0;YOKOHAMA;R14;185;60;Нет
1000262106;F5847;R14 185/60 AE01A YOKOHAMA 82H;1875;1;;0;YOKOHAMA;R14;185;60;Нет
1000262107;F5850;R14 185/60 AE01A YOKOHAMA 82T;1819;22;;0;YOKOHAMA;R14;185;60;Нет
1000274474; ;R14 185/60 82H  SPORT CORDIANT(2010) уценка;0;4;;0;ОТЕЧ. УЦЕНКА;R14;185;60;Нет
;;R14 185/65;;;;;;;;;
1000217954;352022;R14 185/65 ECO CONTACT 3 CONTINENTAL 86T;2600;1;;0;CONTINENTAL;R14;185;65;Нет
1000263173;356046;R14 185/65 ECO CONTACT 5 CONTINENTAL 86H;2755;2;;0;CONTINENTAL;R14;185;65;Нет
1000227716;285447;R14 185/65 SP SPORT LM703 DUNLOP (J) 86H;2000;2;;0;DUNLOP (J);R14;185;65;Нет
1000262939;706616;R14 185/65 ENERGY XM2 MICHELIN 86H;2800;5;;0;MICHELIN;R14;185;65;Нет
1000256112;12352;R14 185/65 CP641 NEXEN 86H 4PR;1875;4;;0;NEXEN;R14;185;65;Нет
1000276421;2175800;R14 185/65 FORMULA ENERGY PIRELLI 86H;1885;1;;0;PIRELLI;R14;185;65;Нет
1000262575;2175700;R14 185/65 FORMULA ENERGY PIRELLI 86T;1907;2;;0;PIRELLI;R14;185;65;Нет
1000270049; ;R14 185/65 86H  SAVA INTENSA(2004) уцен;1500;1;;0;SAVA уценка;R14;185;65; 
1000262109;F5511;R14 185/65 AE01 YOKOHAMA 86T;1909;3;;0;YOKOHAMA;R14;185;65;Нет
;;R14 185/70;;;;;;;;;
1000227561;PSR0NB1503;R14 185/70 B250 BRIDGESTONE 88H;2230;1;;0;BRIDGESTONE;R14;185;70;Нет
1000270970;PSR0N29003;R14 185/70 ECOPIA P-EP150 BRIDGESTONE 88H;2500;2;;0;BRIDGESTONE;R14;185;70;Нет
1000224632;273274;R14 185/70 ENERGY SAVER MICHELIN 88T;2500;1;;0;MICHELIN;R14;185;70; 
1000248622;1871600;R14 185/70 CINTURATO P4 PIRELLI 88T  ECO;2710;4;;0;PIRELLI;R14;185;70;Нет
1000262110;F5473;R14 185/70 AE01 YOKOHAMA 88T;2255;4;;0;YOKOHAMA;R14;185;70;Нет
1000275799; ;R14 185/70 БЦ 88T  -43;1200;1;;0;БЦ;R14;185;70;Нет
;;R14 195/60;;;;;;;;;
1000211697;2226600;R14 195/60 PLANET T-301 AMTEL 86H  К-278;2095;3;;0;AMTEL;R14;195;60;Нет
1000254238;285453;R14 195/60 SP SPORT LM703 DUNLOP (J) 86H;1750;1;;0;DUNLOP (J);R14;195;60;Нет
1000262113;F6602;R14 195/60 AE01 YOKOHAMA 86H;2342;2;;0;YOKOHAMA;R14;195;60;Нет
1000275340; ;R14 195/60 86H  AC01 YOKOHAMA (2010)  уценка;1500;1;;0;YOKOHAMA уценка;R14;195;60;Нет
;;R14 195/65;;;;;;;;;
1000227707;284667;R14 195/65 ECO EC201 DUNLOP (J) 89T;2350;2;;0;DUNLOP (J);R14;195;65;Нет
1000275560; ;R14 195/65 89H  OPTIMO  K-415 HANKOOK (2009) уценка;1000;1;;0;HANKOOK уценка;R14;195;65;Нет
;;R14 205/70;;;;;;;;;
1000273532; ;R14 205/70 95H  B250 BRIDGESTONE(2009) уценка;1700;1;;0;BRIDGESTONE уценка;R14;205;70;Нет
1000256161;11787;R14 205/70 CP661 NEXEN 98T 4PR;2138;1;;0;NEXEN;R14;205;70;Нет
;;R14C 185/;;;;;;;;;
1000274833; ;R14C 185/<> 102/100R  AGILIS  MICHELIN  LT (2010) уценка;2500;2;;0;MICHELIN уценка;R14C;185; ; 
1000250388;1200011922;R14C 185/<> NTVAN NITTO 103/101S  LTR PR8;2000;1;;0;NITTO;R14C;185; ;Нет
1000215008;1577200;R14C 185/<> CHRONO PIRELLI 102/100R;3598;2;;0;PIRELLI;R14C;185; ; 
1000266026;2187900;R14C 185/CHRONO 2 PIRELLI 102R;2950;1;;0;PIRELLI;R14C;185; ;Нет
1000274990; ;R14C 185/<> 102/100R  CHRONO PIRELLI (2010) уценка;2900;1;;0;PIRELLI уценка;R14C;185; ;Нет
;;R14C 195/;;;;;;;;;
1000248076;427215;R14C 195/AGILIS MICHELIN 106/104R;3500;6;;0;MICHELIN;R14C;195; ; 
1000275020; ;R14C 195/<> 106/104R  AGILIS  MICHELIN (2010) уцен;3000;2;;0;MICHELIN уценка;R14C;195; ;Нет
1000262563;2187100;R14C 195/<> CHRONO 2 PIRELLI 106R  ECO;4136;10;;0;PIRELLI;R14C;195; ;Нет
1000270083; ;R14C 195/Y356 YOKOHAMA(2008) уцен;1500;1;;0;YOKOHAMA уценка;R14C;195; ; 
;;R15 165/65;;;;;;;;;
1000262754;197685;R15 165/65 ENERGY E3A MICHELIN 81T;1950;1;;0;MICHELIN;R15;165;65;Нет
1000227612;F1674;R15 165/65 AA01 YOKOHAMA 81T;2508;41;;0;YOKOHAMA;R15;165;65;Нет
1000275026; ;R15 165/65 81T  AA01 YOKOHAMA (2009) уценка;1500;2;;0;YOKOHAMA уценка;R15;165;65;Нет
;;R15 175/60;;;;;;;;;
1000219449;K9741;R15 175/60 AA01 YOKOHAMA 81H;3048;5;;0;YOKOHAMA;R15;175;60;Нет
;;R15 175/65;;;;;;;;;
1000273218; ;R15 175/65 84T  SP SPORT 31 DUNLOP (2009)  уценка;1500;2;;0;DUNLOP уценка;R15;175;65;Нет
1000264128;1580117;R15 175/65 MP-16 STELLA 2 MATADOR 84T;1982;11;;0;MATADOR;R15;175;65;Нет
1000254137; ;R15 175/65 MA-P1 MAXXIS 88T  XL;2110;3;;0;MAXXIS;R15;175;65;Нет
1000254535;2325600;R15 175/65 CINTURATO P1 VERDE PIRELLI 84T;2243;2;;0;PIRELLI;R15;175;65;Нет
1000273211; ;R15 175/65 84H  AA01 YOKOHAMA(2008)  уценка;1500;1;;0;YOKOHAMA уценка;R15;175;65;Нет
;;R15 185/55;;;;;;;;;
1000277254; ;R15 185/55 VICTRA M-36 MAXXIS 86V XL;2706;8;;0;MAXXIS;R15;185;55;Нет
1000276313;2177100;R15 185/55 FORMULA ENERGY PIRELLI 82V;2631;4;;0;PIRELLI;R15;185;55;Нет
1000218203;F0709;R15 185/55 AS01 YOKOHAMA 82V;2906;2;;0;YOKOHAMA;R15;185;55;Нет
;;R15 185/60;;;;;;;;;
1000250425;1540399;R15 185/60 BRILLANTIS 2 BARUM 84H  VAN;2500;3;;0;BARUM;R15;185;60;Нет
1000254934;494610;R15 185/60 G-GRIP BF-GOODRICH 84H;2450;1;;0;BF-GOODRICH;R15;185;60; 
1000262736;320909;R15 185/60 G-GRIP BF-GOODRICH 88H  XL;2000;3;;0;BF-GOODRICH;R15;185;60;Нет
1000255527;2067200;R15 185/60 CINTURATO P1 PIRELLI 84T  ECO;3137;4;;0;PIRELLI;R15;185;60; 
1000276408;2326600;R15 185/60 CINTURATO P1 VERDE PIRELLI 88H XL;2506;1;;0;PIRELLI;R15;185;60;Нет
1000224768;544902;R15 185/60 HITRIS TIGAR 84H;2200;3;;0;TIGAR;R15;185;60; 
1000262670;315537;R15 185/60 SIGURA TIGAR 84H;2300;18;;0;TIGAR;R15;185;60;Нет
1000270128;CBPTR92818H15HH0;R15 185/60 TR928 TRIANGLE 84H;1860;1;;0;TRIANGLE;R15;185;60;Нет
;;R15 185/65;;;;;;;;;
1000265138; ;R15 185/65 ATRACTA LASSA 88T;1875;3;;0;LASSA;R15;185;65;Нет
1000271455; ;R15 185/65 MS800 MAXXIS 88H  M+S;1923;5;;0;MAXXIS;R15;185;65;Нет
1000224590;690869;R15 185/65 ENERGY SAVER MICHELIN 88T;2650;1;;0;MICHELIN;R15;185;65; 
1000256119;12336;R15 185/65 CP641 NEXEN 88H 4PR;2000;6;;0;NEXEN;R15;185;65;Нет
1000254442;2327100;R15 185/65 CINTURATO P1 VERDE PIRELLI 88T;2380;25;;0;PIRELLI;R15;185;65;Нет
1000264896;2342000;R15 185/65 FORMULA ENERGY PIRELLI 92H  XL;2006;1;;0;PIRELLI;R15;185;65;Нет
;;R15 195/50;;;;;;;;;
1000214030;2226200;R15 195/50 PLANET T-301 AMTEL 82H  K-313;2238;2;;0;AMTEL;R15;195;50;Нет
1000264137;1580884;R15 195/50 MP-44 ELITE 3 MATADOR 82H;1971;5;;0;MATADOR;R15;195;50;Нет
1000225789; ;R15 195/50 RADIAL MA-V1 MAXXIS 82V;2150;более 50;;0;MAXXIS;R15;195;50; 
1000262758;727519;R15 195/50 ENERGY SAVER+ MICHELIN 82T;2550;38;;0;MICHELIN;R15;195;50;Нет
1000256246;11619;R15 195/50 N'BlueHD NEXEN 82V  4PR;2150;более 50;;0;NEXEN;R15;195;50;Нет
1000272554;11619;R15 195/50 N'BlueHD Plus NEXEN 82V;2150;более 50;;0;NEXEN;R15;195;50;Нет
1000244264;2022600;R15 195/50 CINTURATO P6 PIRELLI 82H  ECO;2430;32;;0;PIRELLI;R15;195;50;Нет
1000262640;2050200;R15 195/50 CINTURATO P6 PIRELLI 82V  ECO;2500;1;;0;PIRELLI;R15;195;50;Нет
1000277637; ;R15 195/50 NBlue HD ROADSTONE 82V;2160;4;;0;ROADSTONE;R15;195;50;Нет
1000254925;27659;R15 195/50 PRIMA TIGAR 82V;2000;1;;0;TIGAR;R15;195;50;Нет
1000262133;F5849;R15 195/50 AE01A YOKOHAMA 82T;2165;1;;0;YOKOHAMA;R15;195;50;Нет
;;R15 195/55;;;;;;;;;
1000211348;PSR0L40803;R15 195/55 SPORTS TOURER MY-01 BRIDGESTONE 85V;3500;2;;0;BRIDGESTONE;R15;195;55;Нет
1000277929; ;R15 195/55 85H  HYDROGRIP GOODYEAR(2006)уценка;0;1;;0;GOODYEAR уценка;R15;195;55;Нет
1000225805; ;R15 195/55 MA-P1 MAXXIS 85V  PCR M+S;2786;3;;0;MAXXIS;R15;195;55;Нет
1000271798;2138800;R15 195/55 FORMULA ENERGY PIRELLI 85V;3066;20;;0;PIRELLI;R15;195;55;Нет
1000228265;441280;R15 195/55 PRIMA TIGAR 85V;1850;2;;0;TIGAR;R15;195;55;Нет
1000262137;K9456;R15 195/55 A460 YOKOHAMA 84V;2812;4;;0;YOKOHAMA;R15;195;55;Нет
1000262135;F5499;R15 195/55 AE01A YOKOHAMA 85H;2865;5;;0;YOKOHAMA;R15;195;55;Нет
;;R15 195/60;;;;;;;;;
1000003185;2223500;R15 195/60 PLANET 2P AMTEL 88H  K-236;2189;1;;0;AMTEL;R15;195;60;Нет
1000003363;2225000;R15 195/60 PLANET T-301 AMTEL 88H  K-256;2320;2;;0;AMTEL;R15;195;60;Нет
1000263202;356257;R15 195/60 PREMIUM CONTACT 5 CONTINENTAL 88H;3335;3;;0;CONTINENTAL;R15;195;60;Нет
1000255133;814705;R15 195/60 ENERGY XM2 MICHELIN 88H;3450;более 50;;0;MICHELIN;R15;195;60;Нет
1000256886;T428091;R15 195/60 NORDMAN SX NOKIAN 88H;2781;8;;0;NOKIAN;R15;195;60;Нет
1000276409;2331300;R15 195/60 CINTURATO P1 VERDE PIRELLI 88V;2840;1;;0;PIRELLI;R15;195;60;Нет
1000228449;323733;R15 195/60 PRIMA TIGAR 88V;2150;1;;0;TIGAR;R15;195;60;Нет
1000220044;K6737;R15 195/60 V550 YOKOHAMA 88V;2829;1;;0;YOKOHAMA;R15;195;60;Нет
;;R15 195/65;;;;;;;;;
1000254576;466951;R15 195/65 G-GRIP BF-GOODRICH 91T;1975;1;;0;BF-GOODRICH;R15;195;65;Нет
1000249150;235960970;R15 195/65 SPORT 2 PS-501 CORDIANT 91H;2052;1;;0;CORDIANT;R15;195;65;Нет
1000277663; ;R15 195/65 FORVARD DINAMIC БС-6 АШК;1680;1;;0;FORVARD;R15;195;65;Нет
1000279947; ;R15 195/65 FORVARD DINAMIC БС-6 АШК б/у;0;1;;0;FORVARD уценка;R15;195;65;Нет
1000219716; ;R15 195/65 MA-P1 MAXXIS 91H  M+S;2100;более 50;;0;MAXXIS;R15;195;65;Нет
1000276627; ;R15 195/65 VICTRA M-36 MAXXIS 91V;2292;1;;0;MAXXIS;R15;195;65;Нет
1000256245;11605;R15 195/65 N'BlueHD NEXEN 91H  4PR;2350;2;;0;NEXEN;R15;195;65;Нет
1000262644;2096400;R15 195/65 CINTURATO P1 PIRELLI 95T  XL ECO;2541;1;;0;PIRELLI;R15;195;65;Нет
1000269645;2327600;R15 195/65 CINTURATO P1 VERDE PIRELLI 91H;2541;1;;0;PIRELLI;R15;195;65;Нет
1000262643;2327600;R15 195/65 CINTURATO P1 VERDE PIRELLI 91H;2541;4;;0;PIRELLI;R15;195;65;Нет
1000255122;1812200;R15 195/65 CINTURATO P6 PIRELLI 91V  ECO;2541;2;;0;PIRELLI;R15;195;65;Нет
1000245080;573559;R15 195/65 PRIMA TIGAR 91V;2100;3;;0;TIGAR;R15;195;65;Нет
1000262140;F5455;R15 195/65 AE01 YOKOHAMA 91T;2218;3;;0;YOKOHAMA;R15;195;65;Нет
1000215427; ;R15 195/65 НИКОЛА КАМА 91H;1775;23;;0;КАМА;R15;195;65;Нет
;;R15 195/80;;;;;;;;;
1000269964;15289;R15 195/80 LATITUDE CROSS MICHELIN 96T  DT;3750;2;;0;MICHELIN;R15;195;80;Нет
;;R15 205/50;;;;;;;;;
1000275094; ;R15 205/50 86W  SP SPORT 9000 DUNLOP (J)  ZR (2010) уценка;1500;1;;0;DUNLOP уценка;R15;205;50;Нет
1000218286;K6810;R15 205/50 V102A YOKOHAMA 89V;1500;1;;0;YOKOHAMA;R15;205;50; 
;;R15 205/60;;;;;;;;;
1000264148;1580728;R15 205/60 MP-44 ELITE 3 MATADOR 91H;2521;6;;0;MATADOR;R15;205;60;Нет
1000275303; ;R15 205/60 91H  ENERGY SAVER MICHELIN (2008) уценка;1500;1;;0;MICHELIN уценка;R15;205;60;Нет
1000256125;11552;R15 205/60 CP641 NEXEN 91V  4PR;2450;22;;0;NEXEN;R15;205;60;Нет
1000262462;2329300;R15 205/60 CINTURATO P1 VERDE PIRELLI 91H;3110;3;;0;PIRELLI;R15;205;60;Нет
1000277641; ;R15 205/60 CP661 Classe Premier ROADSTONE 91H;2400;2;;0;ROADSTONE;R15;205;60;Нет
1000225154;30712;R15 205/60 HITRIS TIGAR 91H;2660;2;;0;TIGAR;R15;205;60;Нет
1000262006;CBPTR91820H15HH0;R15 205/60 TR918 TRIANGLE 91H;2200;2;;0;TRIANGLE;R15;205;60;Нет
1000218185;K9738;R15 205/60 AA01 YOKOHAMA 91H;2493;1;;0;YOKOHAMA;R15;205;60;Нет
1000262143;F5477;R15 205/60 AE01 YOKOHAMA 91H;2625;2;;0;YOKOHAMA;R15;205;60;Нет
;;R15 205/65;;;;;;;;;
1000003361;2222900;R15 205/65 PLANET NV AMTEL 91H  NV-116;2197;3;;0;AMTEL;R15;205;65;Нет
1000248728;99782336;R15 205/65 SPORT 2 PS-501 CORDIANT H;2216;6;;0;CORDIANT;R15;205;65;Нет
1000224805;284675;R15 205/65 ECO EC201 DUNLOP (J) 94T;2450;3;;0;DUNLOP (J);R15;205;65;Нет
1000275092; ;R15 205/65 94H  EFFICIENTGRIP  GOODYEAR  (2010)уценка;2400;1;;0;GOODYEAR уценка;R15;205;65;Нет
1000271954; ;R15 205/65 MS800 MAXXIS 95V  M+S;2490;31;;0;MAXXIS;R15;205;65;Нет
1000276628; ;R15 205/65 VICTRA M-36 MAXXIS 94V;2526;5;;0;MAXXIS;R15;205;65;Нет
1000256128;12393;R15 205/65 CP641 NEXEN 94H 4PR;2350;24;;0;NEXEN;R15;205;65;Нет
1000256251;11632;R15 205/65 N'BlueHD NEXEN 94H  4PR;2378;1;;0;NEXEN;R15;205;65;Нет
1000254443;2331500;R15 205/65 CINTURATO P1 VERDE PIRELLI 94H;2924;7;;0;PIRELLI;R15;205;65;Нет
1000265106;2331500;R15 205/65 CINTURATO P1 VERDE PIRELLI 94H;2924;5;;0;PIRELLI;R15;205;65;Нет
1000228014;975894;R15 205/65 PRIMA TIGAR 94V;2529;2;;0;TIGAR;R15;205;65;Нет
1000262008;CBPTR91820G15HH0;R15 205/65 TR918 TRIANGLE 94H;2250;2;;0;TRIANGLE;R15;205;65;Нет
1000262144;F5496;R15 205/65 AE01 YOKOHAMA 94H;2355;1;;0;YOKOHAMA;R15;205;65;Нет
;;R15 205/70;;;;;;;;;
1000251179;1535006;R15 205/70 BRAVURIS 4X4 BARUM 96T;3000;1;;0;BARUM;R15;205;70;Нет
1000264020;1560809;R15 205/70 4X4 CONTACT CONTINENTAL 96T;4000;12;;0;CONTINENTAL;R15;205;70;Нет
1000224806;290117;R15 205/70 ECO EC201 DUNLOP (J) 96T;3375;18;;0;DUNLOP (J);R15;205;70;Нет
1000224907;284015;R15 205/70 GRANDTREK PT2 DUNLOP (J) 95S;3350;6;;0;DUNLOP (J);R15;205;70;Нет
1000250474; ;R15 205/70 BRAVO AT-771 MAXXIS 96T  PCR M+S;3248;2;;0;MAXXIS;R15;205;70; 
1000220020; ;R15 205/70 MA-P1 MAXXIS 96H  PCR M+S;2942;1;;0;MAXXIS;R15;205;70;Нет
1000225791; ;R15 205/70 MARAUDER MA-S2 MAXXIS 96H  PCR;3250;1;;0;MAXXIS;R15;205;70;Нет
1000218081;837328;R15 205/70 LATITUDE TOUR HP MICHELIN 96H  4x4;3900;25;;0;MICHELIN;R15;205;70;Нет
1000272262;73830133;R15 205/70 NT650 NITTO 96H;2950;24;;0;NITTO;R15;205;70;Нет
1000214989;1413700;R15 205/70 SCORPION STR PIRELLI 96H  M+S;3760;8;;0;PIRELLI;R15;205;70;Нет
1000277640; ;R15 205/70 CP661 Classe Premier ROADSTONE 96T;2760;2;;0;ROADSTONE;R15;205;70;Нет
1000270131;CBPTR92820F15HH0;R15 205/70 TR928 TRIANGLE 96H;2550;2;;0;TRIANGLE;R15;205;70;Нет
1000219494;K9882;R15 205/70 G051 YOKOHAMA 96H;3097;4;;0;YOKOHAMA;R15;205;70;Нет
1000255557;F5077;R15 205/70 G055 YOKOHAMA 96H;3129;1;;0;YOKOHAMA;R15;205;70;Нет
1000275813; ;R15 205/70 БЦ 95T  Rosava БЦ-54;2300;2;;0;БЦ;R15;205;70;Нет
;;R15 215/60;;;;;;;;;
1000275333; ;R15 215/60 94H  SP SPORT LM 703  DUNLOP (J) (2009) уцен;1500;2;;0;DUNLOP уценка;R15;215;60;Нет
1000254381; ;R15 215/60 MA-P1 MAXXIS 94H  M+S;3225;22;;0;MAXXIS;R15;215;60; 
1000250282;K8982;R15 215/60 AC01 YOKOHAMA 98V;3000;2;;0;YOKOHAMA;R15;215;60;Нет
;;R15 215/65;;;;;;;;;
1000251180;1540173;R15 215/65 BRAVURIS 2 BARUM 96H  VAN;3000;3;;0;BARUM;R15;215;65;Нет
1000250481; ;R15 215/65 MA-P1 MAXXIS 96H  PCR M+S;2843;1;;0;MAXXIS;R15;215;65;Нет
1000224591;608999;R15 215/65 ENERGY SAVER MICHELIN 96T;3500;8;;0;MICHELIN;R15;215;65; 
1000218199;K8993;R15 215/65 AC01 YOKOHAMA 100H;2678;1;;0;YOKOHAMA;R15;215;65; 
;;R15 215/70;;;;;;;;;
1000274821; ;R15 215/70 98H  DURA GRAPPLER NITTO   LTR M+S 4x4 (2009) уценка;2700;4;;0;NITTO уценка;R15;215;70;Нет
;;R15 215/75;;;;;;;;;
1000250174; ;R15 215/75 BRAVO AT-771 MAXXIS 100S  PCR M+S;3977;3;;0;MAXXIS;R15;215;75;Нет
1000254690;24066;R15 215/75 LATITUDE CROSS MICHELIN 100T  4x4;4500;1;;0;MICHELIN;R15;215;75;Нет
;;R15 225/70;;;;;;;;;
1000274986; ;R15 225/70 100T  COBRA COOPER (2010) уценка;0;1;;0;COOPER уценка;R15;225;70;Нет
1000254377; ;R15 225/70 BRAVO AT-771 MAXXIS 100S  PCR M+S;3759;1;;0;MAXXIS;R15;225;70;Нет
;;R15 225/75;;;;;;;;;
1000271024; ;R15 225/75 BRAVO AT-771 MAXXIS 102S  M+S;4395;3;;0;MAXXIS;R15;225;75;Нет
1000262038;CBPTR25822E15SH0;R15 225/75 TR258 TRIANGLE 102S;3100;3;;0;TRIANGLE;R15;225;75;Нет
;;R15 235/70;;;;;;;;;
1000254136; ;R15 235/70 MARAUDER MA-S2 MAXXIS 103H;4292;2;;0;MAXXIS;R15;235;70;Нет
1000227624;F0894;R15 235/70 G012 YOKOHAMA 102S;4303;2;;0;YOKOHAMA;R15;235;70;Нет
1000275346; ;R15 235/70 102S  G012 YOKOHAMA (2009)уценка;2000;1;;0;YOKOHAMA уценка;R15;235;70;Нет
;;R15 235/75;;;;;;;;;
1000001752;150695;R15 235/75 ALL TERRAIN T/A KO BF-GOODRICH 104S  XL LT 4x4;6300;1;;0;BF-GOODRICH;R15;235;75;Нет
;;R15 255/70;;;;;;;;;
1000273526; ;R15 255/70 108S  DUELER H/T 689 BRIDGESTONE ОWT(2008) уценка;2000;1;;0;BRIDGESTONE уценка;R15;255;70;Нет
;;R15 265/70;;;;;;;;;
1000002671; ;R15 265/70 112H  SYNCHRONE MICHELIN уцен;500;1;;0;MICHELIN уценка;R15;265;70; 
1000275272; ;R15 265/70 112H  G051 YOKOHAMA (2008)уценка;3000;1;;0;YOKOHAMA уценка;R15;265;70; 
;;R15 30/9.50;;;;;;;;;
1000227914;958768;R15 30/9.50 MUD-TERRAIN T/A KM2 BF-GOODRICH 104Q  LT 4x4;6750;1;;0;BF-GOODRICH;R15;30;9,5;Нет
1000227621;E3711;R15 30/9.50 G012 YOKOHAMA 104S;4360;1;;0;YOKOHAMA;R15;30;9,5;Нет
;;R15 31/10.50;;;;;;;;;
1000225050;284171;R15 31/10.50 GRANDTREK AT3 DUNLOP (J) 109S;4500;4;;0;DUNLOP (J);R15;31;10,5;Нет
1000274438; ;R15 31/10.50 109N  GRANTREK MT1 DUNLOP (J)  LT(2009)  уценка;4000;1;;0;DUNLOP уценка;R15;31;10,5;Нет
1000258402; ;R15 31/10.50 COURAGIA A/T FEDERAL 109Q  6PR OWL;5950;4;;0;FEDERAL;R15;31;10,5;Нет
1000220192;E3685;R15 31/10.50 G051 YOKOHAMA 109S;4438;1;;0;YOKOHAMA;R15;31;10,5;Нет
;;R15 33/12.50;;;;;;;;;
1000249794; ;R15 33/12.50 BRAVO AT-771 MAXXIS 108S;7396;2;;0;MAXXIS;R15;33;12,5; 
;;R15 35/12.50;;;;;;;;;
1000262737;421073;R15 35/12.50 MUD-TERRAIN T/A KM2 BF-GOODRICH 113Q  LT 4x4;8700;1;;0;BF-GOODRICH;R15;35;12,5;Нет
;;R15C 185/;;;;;;;;;
1000255141;55807;R15C 185/CARGO SPEED TIGAR 102R  LT;1950;2;;0;TIGAR;R15C;185; ;Нет
;;R15C 185/80;;;;;;;;;
1000263048;443118;R15C 185/80 VANIS BARUM 103R VAN;1950;2;;0;BARUM;R15C;185;80;Нет
;;R15C 195/;;;;;;;;;
1000249961;285343;R15C 195/SP LT5 DUNLOP (J) 106/104R;4400;1;;0;DUNLOP (J);R15C;195; ;Нет
1000275096; ;R15C 195/<> 106/104R  SP  LT5  DUNLOP(J) (2010) уценка;2950;2;;0;DUNLOP уценка;R15C;195; ;Нет
1000262557;2188300;R15C 195/<> CHRONO 2 PIRELLI 106R  ECO;3940;1;;0;PIRELLI;R15C;195; ;Нет
1000227653;E3856;R15C 195/RY818 YOKOHAMA 106/104R  8PR;4382;14;;0;YOKOHAMA;R15C;195; ;Нет
1000275035; ;R15C 195/<> 106/104R  RY 818  YOKOHAMA 8PR  (2009) уцен;2500;3;;0;YOKOHAMA уценка;R15C;195; ;Нет
;;R15C 195/70;;;;;;;;;
1000277273; ;R15C 195/70 MAW2 MAXXIS 104/102R 8PR M+S;3475;1;;0;MAXXIS;R15C;195;70;Нет
;;R15C 205/65;;;;;;;;;
1000276948; ;R15C 205/65 UE103 MAXXIS 102/100T 6PR;3613;2;;0;MAXXIS;R15C;205;65;Нет
1000248635;1683700;R15C 205/65 CHRONO PIRELLI 102T  ECO;4068;18;;0;PIRELLI;R15C;205;65;Нет
1000222163;E3509;R15C 205/65 RY818 YOKOHAMA 102T;3735;2;;0;YOKOHAMA;R15C;205;65;Нет
;;R15C 205/70;;;;;;;;;
1000248723;36964;R15C 205/70 ACTIVAN BF-GOODRICH 106/104R  LT;4000;1;;0;BF-GOODRICH;R15C;205;70;Нет
1000271770; ;R15C 205/70 UE168N MAXXIS 106/104R  8PR;3553;4;;0;MAXXIS;R15C;205;70;Нет
1000225541;713278;R15С 205/70 AGILIS MICHELIN 106/104R;4700;39;;0;MICHELIN;R15C;205;70; 
1000248571;1964500;R15C 205/70 CHRONO PIRELLI 106R;4440;19;;0;PIRELLI;R15C;205;70;Нет
;;R15C 215/65;;;;;;;;;
1000258386; ;R15C 215/65 MS357 H/T FEDERAL 104/102T;3500;1;;0;FEDERAL;R15C;215;65;Нет
1000274385; ;R15C 215/65 104/102T  AGILIS51 MICHELIN LT (2006) уценка;1500;1;;0;MICHELIN уценка;R15C;215;65;Нет
1000276303;2437800;R15C 215/65 CARRIER PIRELLI 104T VAN;4175;4;;0;PIRELLI;R15C;215;65;Нет
1000276304;2531100;R15C 215/65 CHRONO 2 PIRELLI 104T VAN;3967;12;;0;PIRELLI;R15C;215;65;Нет
;;R15C 215/70;;;;;;;;;
1000262924;384206;R15C 215/70 AGILIS+ MICHELIN 109/107S LT;6000;1;;0;MICHELIN;R15C;215;70;Нет
1000276306;2164800;R15C 215/70 CARRIER PIRELLI 109S VAN;4217;2;;0;PIRELLI;R15C;215;70;Нет
1000262555;2186900;R15C 215/70 CHRONO 2 PIRELLI 109S ECO;5132;2;;0;PIRELLI;R15C;215;70;Нет
;;R15C 225/70;;;;;;;;;
1000215007;1657000;R15C 225/70 CHRONO PIRELLI 112S  ECO;4760;1;;0;PIRELLI;R15C;225;70;Нет
;;R15C 235/75;;;;;;;;;
1000273629; ;R15C 235/75 UE168N MAXXIS 110/107Q  8PR;8383;8;;0;MAXXIS;R15C;235;75;Нет
;;R16 195/50;;;;;;;;;
1000278315; ;R16 195/50 84W  A048 YOKOHAMA(2008) уценка;0;2;;0;YOKOHAMA уценка;R16;195;50;Нет
;;R16 195/55;;;;;;;;;
1000255528;2327700;R16 195/55 CINTURATO P1 VERDE PIRELLI 87H;4230;1;;0;PIRELLI;R16;195;55;Нет
;;R16 205/40;;;;;;;;;
1000251054;K8941;R16 205/40 PARADA X PA01 YOKOHAMA 83V;3500;2;;0;YOKOHAMA;R16;205;40;Нет
;;R16 205/50;;;;;;;;;
1000273219; ;R16 205/50 87V  POTENZA RE050A BRIDGESTONE (2005) уценка;1500;1;;0;BRIDGESTONE уценка;R16;205;50;Нет
1000224894;270251;R16 205/50 SP SPORT MAXX DUNLOP (J) 87Y  ZR;3500;1;;0;DUNLOP (J);R16;205;50;Нет
1000249586;204894;R16 205/50 PRIMACY HP MICHELIN 87W;3000;2;;0;MICHELIN;R16;205;50;Нет
;;R16 205/55;;;;;;;;;
1000263868;350491;R16 205/55 PREMIUM CONTACT 2 CONTINENTAL 91H;3611;4;;0;CONTINENTAL;R16;205;55;Нет
1000249902;350700;R16 205/55 PREMIUM CONTACT 2 CONTINENTAL 91H  E;3626;11;;0;CONTINENTAL;R16;205;55;Нет
1000272630;4610014473675;R16 205/55 YH12 JINYU 94V;2400;2;;0;JINYU;R16;205;55;Нет
1000264158;1580721;R16 205/55 MP-44 ELITE 3 MATADOR 91H;2486;3;;0;MATADOR;R16;205;55;Нет
1000225796; ;R16 205/55 MA-AS All Season MAXXIS 94V;3100;2;;0;MAXXIS;R16;205;55; 
1000270987; ;R16 205/55 VICTRA MA-510E MAXXIS 91V;0;2;;0;MAXXIS;R16;205;55;Нет
1000254927;837171;R16 205/55 SYNERIS TIGAR 94V  XL;2800;3;;0;TIGAR;R16;205;55;Нет
;;R16 205/60;;;;;;;;;
1000249212;1540182;R16 205/60 BRAVURIS 2 BARUM 92H;3482;6;;0;BARUM;R16;205;60;Нет
1000262715;343790;R16 205/60 G-GRIP BF-GOODRICH 92H;3000;2;;0;BF-GOODRICH;R16;205;60;Нет
1000277661; ;R16 205/60 KU31 KUMHO 96V;2875;1;;0;KUMHO;R16;205;60;Нет
1000225784; ;R16 205/60 MA-P1 MAXXIS 92H  M+S PCR;2777;более 50;;0;MAXXIS;R16;205;60; 
1000277614; ;R16 205/60 MA-P1 MAXXIS 96V;2777;12;;0;MAXXIS;R16;205;60;Нет
1000273571; ;R16 205/60 MS800 MAXXIS 92V  M+S;2862;2;;0;MAXXIS;R16;205;60;Нет
1000250456; ;R16 205/60 VICTRA MA-510E MAXXIS 92H;2822;3;;0;MAXXIS;R16;205;60;Нет
1000262772;916741;R16 205/60 ENERGY SAVER+ MICHELIN 96H XL;4150;1;;0;MICHELIN;R16;205;60;Нет
1000262771;987716;R16 205/60 PRIMACY 3 MICHELIN 96W XL;5000;4;;0;MICHELIN;R16;205;60;Нет
1000256254;11631;R16 205/60 N'BlueHD NEXEN 92V  4PR;2900;4;;0;NEXEN;R16;205;60;Нет
1000250025;T428059;R16 205/60 HAKKA GREEN NOKIAN 96H  XL;4146;12;;0;NOKIAN;R16;205;60;Нет
1000248557;1948700;R16 205/60 CINTURATO P7 PIRELLI 92H  ECO;3600;более 50;;0;PIRELLI;R16;205;60;Нет
1000262639;2040600;R16 205/60 CINTURATO P7 PIRELLI 92W  RUN FLAT ECO *;7579;4;;0;PIRELLI;R16;205;60;Нет
1000228078;299330;R16 205/60 SIGURA TIGAR 92H;2950;9;;0;TIGAR;R16;205;60;Нет
1000262676;654453;R16 205/60 SYNERIS TIGAR 96V XL;3120;8;;0;TIGAR;R16;205;60;Нет
;;R16 205/65;;;;;;;;;
1000250480; ;R16 205/65 MA-P1 MAXXIS 95H;3000;2;;0;MAXXIS;R16;205;65; 
1000262524;1447100;R16 205/65 SCORPION STR PIRELLI 95H M+S;4200;2;;0;PIRELLI;R16;205;65;Нет
;;R16 215/55;;;;;;;;;
1000274992; ;R16 215/55 93W  POTENZA RE001 ADRENALIN BRIDGESTONE(2009) уцен;3500;1;;0;BRIDGESTONE уценка;R16;215;55;Нет
1000256492;521378;R16 215/55 SP SPORT MAXX TT DUNLOP 93Y  ZR MFS;3500;1;;0;DUNLOP;R16;215;55;Нет
1000227730;285743;R16 215/55 SP SPORT LM703 DUNLOP (J) 93V;3900;1;;0;DUNLOP (J);R16;215;55;Нет
1000277653; ;R16 215/55 HM-31 ECSTA KUMHO 93W;4025;2;;0;KUMHO;R16;215;55;Нет
1000250460; ;R16 215/55 VICTRA MA-Z4S MAXXIS 97V  XL PCR M+S;4316;1;;0;MAXXIS;R16;215;55; 
1000270750; ;R16 215/55 MS800 MAXXIS 97V  XL M+S;4183;4;;0;MAXXIS;R16;215;55;Нет
1000277374; ;R16 215/55 VICTRA MA-Z3 MAXXIS 97W;4315;4;;0;MAXXIS;R16;215;55;Нет
1000256255;11634;R16 215/55 N'BlueHD NEXEN 93V  4PR;3900;15;;0;NEXEN;R16;215;55;Нет
1000266970;2329900;R16 215/55 CINTURATO P7 PIRELLI 93V;5130;4;;0;PIRELLI;R16;215;55;Нет
1000262568;2382400;R16 215/55 FORMULA ENERGY PIRELLI 97V  XL;4068;9;;0;PIRELLI;R16;215;55;Нет
1000225423;916194;R16 215/55 HITRIS TIGAR 93H;2900;более 50;;0;TIGAR;R16;215;55;Нет
1000254983;F4444;R16 215/55 AC02B YOKOHAMA 97W;4472;1;;0;YOKOHAMA;R16;215;55;Нет
;;R16 215/60;;;;;;;;;
1000224922;277981;R16 215/60 SP SPORT 230 DUNLOP (J) 95V;3000;1;;0;DUNLOP (J);R16;215;60;Нет
1000270685;528413;R16 215/60 EFFICIENTGRIP PERF GOODYEAR 99W XL;4100;2;;0;GOODYEAR;R16;215;60;Нет
1000220024; ;R16 215/60 MA-P1 MAXXIS 99H  XL M+S;3553;3;;0;MAXXIS;R16;215;60; 
1000248829;1988000;R16 215/60 CINTURATO P7 PIRELLI 99H  XL ECO;4620;2;;0;PIRELLI;R16;215;60;Нет
1000218168;K8840;R16 215/60 A352 YOKOHAMA 95H;3962;1;;0;YOKOHAMA;R16;215;60;Нет
1000262175;F6594;R16 215/60 AE01 YOKOHAMA 99H;3328;2;;0;YOKOHAMA;R16;215;60;Нет
;;R16 215/65;;;;;;;;;
1000276107;726023;R16 215/65 G-GRIP SUV BF-GOODRICH 98H;4090;4;;0;BF-GOODRICH;R16;215;65;Нет
1000224926;284023;R16 215/65 GRANDTREK PT2 DUNLOP (J) 98S;3825;1;;0;DUNLOP (J);R16;215;65;Нет
1000224927;267981;R16 215/65 GRANDTREK ST20 DUNLOP (J) 98S;3950;1;;0;DUNLOP (J);R16;215;65;Нет
1000273213; ;R16 215/65 98S  GRANDTREK ST20 DUNLOP(J) (2009)уценка;3000;1;;0;DUNLOP уценка;R16;215;65;Нет
1000243631; ;R16 215/65 MA-P1 MAXXIS 98H  PCR M+S;3479;2;;0;MAXXIS;R16;215;65;Нет
1000214570; ;R16 215/65 SCORPION STR PIRELLI 98H  RB;4330;более 50;;0;PIRELLI;R16;215;65; 
1000262570;2347100;R16 215/65 FORMULA ENERGY PIRELLI 98H;3780;2;;0;PIRELLI;R16;215;65;Нет
1000250074;1721200;R16 215/65 P 6 PIRELLI 98H;4895;7;;0;PIRELLI;R16;215;65;Нет
1000225166;1394300;R16 215/65 SCORPION STR PIRELLI 98H  M+S;4330;4;;0;PIRELLI;R16;215;65;Нет
1000259949;CBPTR25821G16TH0;R16 215/65 TR258 TRIANGLE 98T;2964;2;;0;TRIANGLE;R16;215;65;Нет
1000255558;F5078;R16 215/65 G055 YOKOHAMA 98H;3849;1;;0;YOKOHAMA;R16;215;65;Нет
;;R16 215/70;;;;;;;;;
1000001871;PSR0126403;R16 215/70 DUELER A/T 694 BRIDGESTONE 100S;4839;4;;0;BRIDGESTONE;R16;215;70;Нет
1000270777;293517627;R16 215/70 ALL TERRAIN OA-1 CORDIANT 100H;3843;2;;0;CORDIANT;R16;215;70;Нет
1000224929;284693;R16 215/70 GRANDTREK AT3 DUNLOP (J) 100T;4050;4;;0;DUNLOP (J);R16;215;70;Нет
1000249964;1393900;R16 215/70 SCORPION STR PIRELLI 100H  M+S;4640;1;;0;PIRELLI;R16;215;70;Нет
1000283552; ;R16 215/70 99H  G051J YOKOHAMA(2007) уценка;0;1;;0;YOKOHAMA уценка;R16;215;70;Нет
1000278671; ;R16 215/70 99S  G011J YOKOHAMA(2007) уценка;0;1;;0;YOKOHAMA уценка;R16;215;70;Нет
;;R16 225/50;;;;;;;;;
1000277704; ;R16 225/50 RADIAL MA-V1 MAXXIS V;2250;2;;0;MAXXIS;R16;225;50;Нет
1000211061;966575;R16 225/50 PRIMACY HP MICHELIN 92V;4900;17;;0;MICHELIN;R16;225;50;Нет
1000255481;1509700;R16 225/50 P 7 PIRELLI 92W  MO;5700;5;;0;PIRELLI;R16;225;50; 
1000250450;1074000;R16 225/50 P ZERO ASIMETRICO PIRELLI 92ZR;5100;1;;0;PIRELLI;R16;225;50; 
;;R16 225/55;;;;;;;;;
1000225316;2227300;R16 225/55 PLANET FT-501 AMTEL 95V  K-321;3841;1;;0;AMTEL;R16;225;55;Нет
1000279198; ;R16 225/55 95W  PREMIUM CONTACT CONTINENTAL(2005)уценка;0;1;;0;CONTINENTAL уценка;R16;225;55;Нет
1000227740;285745;R16 225/55 SP SPORT LM703 DUNLOP (J) 95V;3900;2;;0;DUNLOP (J);R16;225;55;Нет
1000254482; ;R16 225/55 VICTRA MA-Z4S MAXXIS 99V  XL PCR M+S;4547;8;;0;MAXXIS;R16;225;55;Нет
1000255124;1934800;R16 225/55 CINTURATO P7 PIRELLI 95V  ECO;5225;3;;0;PIRELLI;R16;225;55;Нет
1000270874;2177200;R16 225/55 FORMULA ENERGY PIRELLI 95W;4384;5;;0;PIRELLI;R16;225;55;Нет
1000262701;118781;R16 225/55 SYNERIS TIGAR 99W  XL ZR;2750;4;;0;TIGAR;R16;225;55;Нет
1000243749; ;R16 225/55 PROXES CF1 (PXCF1) TOYO 99V;4500;1;;0;TOYO;R16;225;55;Нет
1000262020;CBPTR91822J16HH0;R16 225/55 TR918 TRIANGLE 95H;3000;1;;0;TRIANGLE;R16;225;55;Нет
1000273220; ;R16 225/55 95W  V102 YOKOHAMA  (2008)уценка;2000;1;;0;YOKOHAMA уценка;R16;225;55;Нет
;;R16 225/60;;;;;;;;;
1000250273;350081;R16 225/60 PREMIUM CONTACT 2 CONTINENTAL 98V;6300;2;;0;CONTINENTAL;R16;225;60;Нет
1000278401; ;R16 225/60 98V  PREMIUM CONTACT 2 CONTINENTAL(2010)уценка;0;2;;0;CONTINENTAL уценка;R16;225;60;Нет
1000214556; ;R16 225/60 PROXES CF1 (PXCF1) TOYO 98W;4500;2;;0;TOYO;R16;225;60;Нет
1000225097;K8986;R16 225/60 AC01 YOKOHAMA 98W;4000;1;;0;YOKOHAMA;R16;225;60; 
;;R16 225/65;;;;;;;;;
1000218163;F0984;R16 225/65 A349A YOKOHAMA 100H;5305;3;;0;YOKOHAMA;R16;225;65;Нет
1000262186;F5341;R16 225/65 G055 YOKOHAMA 100H;5305;4;;0;YOKOHAMA;R16;225;65;Нет
;;R16 225/70;;;;;;;;;
1000261870;PSR0N22903;R16 225/70 DUELER A/T 697 BRIDGESTONE 103S  ОWT;5878;4;;0;BRIDGESTONE;R16;225;70;Нет
1000272641;4610014473866;R16 225/70 YS71 JINYU 103T;2600;1;;0;JINYU;R16;225;70;Нет
1000262529;1986900;R16 225/70 SCORPION VERDE PIRELLI 103H ECO;5007;2;;0;PIRELLI;R16;225;70;Нет
;;R16 225/75;;;;;;;;;
1000277571; ;R16 225/75 110/107Q  MUD-TERRAIN A/T BF-GOODRICH(2009)уценка;3000;1;;0;BF-GOODRICH уценка;R16;225;75; 
1000264523;564572;R16 225/75 GRANDTREK AT3 DUNLOP 110/107S LT SUV OWL;5000;3;;0;DUNLOP;R16;225;75;Нет
1000224960;278675;R16 225/75 GRANDTREK AT3 DUNLOP (J) 110S  LT;4575;более 50;;0;DUNLOP (J);R16;225;75;Нет
1000250176; ;R16 225/75 BRAVO AT-771 MAXXIS 108S  M+S PCR;4718;8;;0;MAXXIS;R16;225;75; 
1000250464; ;R16 225/75 BRAVO AT-771 MAXXIS 115/112Q  LT LTR 10PR;4871;8;;0;MAXXIS;R16;225;75;Нет
1000271552;11051;R16 225/75 ROADIAN 541 (RO541) NEXEN 104H;4200;11;;0;NEXEN;R16;225;75;Нет
1000256273;13753;R16 225/75 ROADIAN A/T II NEXEN 115/112Q  10PR;4400;42;;0;NEXEN;R16;225;75;Нет
1000275970;T429388;R16 225/75 ROTIIVA AT Plus NOKIAN 115/112S LT;4675;1;;0;NOKIAN;R16;225;75;Нет
;;R16 235/60;;;;;;;;;
1000224974;284699;R16 235/60 GRANDTREK AT3 DUNLOP (J) 100H;4600;1;;0;DUNLOP (J);R16;235;60;Нет
1000224977;272393;R16 235/60 SP SPORT MAXX DUNLOP (J) 100W  ZR;4500;1;;0;DUNLOP (J);R16;235;60;Нет
1000275028; ;R16 235/60 100W  SP SPORT MAXX DUNLOP (J) ZR  (2010) уценка;4500;1;;0;DUNLOP уценка;R16;235;60;Нет
1000225911;543501;R16 235/60 LATITUDE TOUR HP MICHELIN 100H  4x4;6305;1;;0;MICHELIN;R16;235;60;Нет
1000254667;1394700;R16 235/60 SCORPION STR PIRELLI 100H  M+S;5093;1;;0;PIRELLI;R16;235;60;Нет
1000262523;2054500;R16 235/60 SCORPION VERDE PIRELLI 100V ECO;5350;1;;0;PIRELLI;R16;235;60;Нет
1000218233;F0895;R16 235/60 G012 YOKOHAMA 100H;4522;1;;0;YOKOHAMA;R16;235;60;Нет
;;R16 235/65;;;;;;;;;
1000274135; ;R16 235/65 BRAVO HT-770 MAXXIS 107T  XL M+S;5238;8;;0;MAXXIS;R16;235;65;Нет
;;R16 235/70;;;;;;;;;
1000248624;1535001;R16 235/70 BRAVURIS 4X4 BARUM 106H;3500;1;;0;BARUM;R16;235;70;Нет
1000224837;267937;R16 235/70 GRANDTREK AT2 DUNLOP (J) 104S;4300;2;;0;DUNLOP (J);R16;235;70;Нет
1000269976;391324;R16 235/70 LATITUDE CROSS MICHELIN 106H  DT;6100;5;;0;MICHELIN;R16;235;70;Нет
1000275073; ;R16 235/70 106H  LATITUDE TOUR HP MICHELIN 4x4  (2010г.)уцен;4500;4;;0;MICHELIN уценка;R16;235;70;Нет
1000256266;10854;R16 235/70 ROADIAN A/T NEXEN 104T  4PR;3900;2;;0;NEXEN;R16;235;70;Нет
1000248567;1795900;R16 235/70 SCORPION STR PIRELLI 106H  M+S;5093;5;;0;PIRELLI;R16;235;70;Нет
1000262530;2398900;R16 235/70 SCORPION VERDE All-Season PIRELLI 106H  M+S SUV;5300;1;;0;PIRELLI;R16;235;70;Нет
1000258373;2202400;R16 235/70 SCORPION VERDE PIRELLI 106H  ECO;5380;8;;0;PIRELLI;R16;235;70;Нет
;;R16 235/85;;;;;;;;;
1000001763;625492;R16 235/85 ALL TERRAIN T/A KO BF-GOODRICH 120/116S  LT 4x4;8500;2;;0;BF-GOODRICH;R16;235;85;Нет
1000224981;247043;R16 235/85 GRANDTREK MT2 DUNLOP (J) 108Q  LT;6150;1;;0;DUNLOP (J);R16;235;85;Нет
1000272548; ;R16 235/85 BIGHORN MT-762 MAXXIS 120/116N  10PR M+S;6305;1;;0;MAXXIS;R16;235;85;Нет
1000262034;CBCTR24623B16E00;R16 235/85 TR246 TRIANGLE Q 10PR;4680;2;;0;TRIANGLE;R16;235;85;Нет
;;R16 245/70;;;;;;;;;
1000248625;1535007;R16 245/70 BRAVURIS 4X4 BARUM 107H;4500;1;;0;BARUM;R16;245;70;Нет
1000224999;229389;R16 245/70 GRANDTREK PT1 DUNLOP (J) 107S;4500;4;;0;DUNLOP (J);R16;245;70; 
1000273402; ;R16 245/70 111T  WRANGLER AT/R GOODYEAR  XL(2009) уцен;2500;1;;0;GOODYEAR уценка;R16;245;70;Нет
1000272642;4610014473880;R16 245/70 YS71 JINYU 111T;3500;1;;0;JINYU;R16;245;70;Нет
1000262652;2209800;R16 245/70 SCORPION ATR PIRELLI 111H  XL M+S;5635;4;;0;PIRELLI;R16;245;70;Нет
1000255125;1986600;R16 245/70 SCORPION VERDE PIRELLI 107H  ECO;5450;12;;0;PIRELLI;R16;245;70;Нет
1000272576; ;R16 245/70 ROADIAN H/T SUV ROADSTONE 107S;3500;1;;0;ROADSTONE;R16;245;70;Нет
;;R16 255/65;;;;;;;;;
1000225012;284117;R16 255/65 GRANDTREK AT3 DUNLOP (J) 109H;4500;5;;0;DUNLOP (J);R16;255;65;Нет
1000275029; ;R16 255/65 109H  WRANGLER HP (ALL WEATHER) GOODYEAR(2009) уценка;3900;1;;0;GOODYEAR уценка;R16;255;65;Нет
1000254379; ;R16 255/65 BRAVO AT-771 MAXXIS 109T  PCR M+S;4716;2;;0;MAXXIS;R16;255;65;Нет
1000214543;1394500;R16 255/65 SCORPION STR PIRELLI 109H  M+S;4699;1;;0;PIRELLI;R16;255;65;Нет
;;R16 255/70;;;;;;;;;
1000250029;448327;R16 255/70 MUD-TERRAIN T/A KM2 BF-GOODRICH 115/112Q  LT 4x4;8200;2;;0;BF-GOODRICH;R16;255;70;Нет
1000220522;K9611;R16 255/70 G051 YOKOHAMA 111H;5758;1;;0;YOKOHAMA;R16;255;70;Нет
;;R16 265/70;;;;;;;;;
1000224638;238074;R16 265/70 LATITUDE TOUR HP MICHELIN 112H  4x4;6780;7;;0;MICHELIN;R16;265;70;Нет
1000277509; ;R16 265/70 112H  LATITUDE CROSS MICHELIN 4x4  (2010) уценка;4900;4;;0;MICHELIN уценка;R16;265;70;Нет
1000275076; ;R16 265/70 112H  LATITUDE TOUR HP MICHELIN 4x4  (2010г.)уцен;4500;1;;0;MICHELIN уценка;R16;265;70;Нет
1000256331;14857;R16 265/70 ROADIAN H/T SUV NEXEN 112S  4PR;4600;2;;0;NEXEN;R16;265;70;Нет
1000250982;1826400;R16 265/70 SCORPION ATR PIRELLI 112T  M+S RB;5175;2;;0;PIRELLI;R16;265;70; 
1000255126;1964200;R16 265/70 SCORPION STR PIRELLI 112H  M+S;5840;7;;0;PIRELLI;R16;265;70;Нет
;;R16 265/75;;;;;;;;;
1000279669; ;R16 265/75 114S  DISCOVERER H/T COOPER 2010 уценка;0;1;;0;COOPER уценка;R16;265;75;Нет
1000277694; ;R16 265/75 COURAGIA A/T FEDERAL 123/120Q;0;4;;0;FEDERAL;R16;265;75;Нет
1000256586;1200005374;R16 265/75 TERRA GRAPPLER NITTO 123/120Q  LTR M+S 4x4 PR10;5000;1;;0;NITTO;R16;265;75;Нет
1000262036;CBCTR24626E16EF0;R16 265/75 TR246 TRIANGLE Q 10PR;4600;2;;0;TRIANGLE;R16;265;75;Нет
;;R16 275/70;;;;;;;;;
1000271988; ;R16 275/70 114H  BF-GOODRICH MACADAM T/A(2006) уценка;2500;1;;0;BF-GOODRICH уценка;R16;275;70;Нет
1000274987; ;R16 275/70 114H  DUELER H/T 689  BRIDGESTONE  (2009) уцен;3000;1;;0;BRIDGESTONE уценка;R16;275;70;Нет
1000220557; ;R16 275/70 DYNAPRO HP (RA-23) HANKOOK 114H;4100;1;;0;HANKOOK;R16;275;70;Нет
1000271030; ;R16 275/70 BRAVO AT-771 MAXXIS 114T  M+S;4961;3;;0;MAXXIS;R16;275;70;Нет
1000225384;845892;R16 275/70 LATITUDE TOUR HP MICHELIN 114H  4x4;8096;4;;0;MICHELIN;R16;275;70;Нет
1000256332;14860;R16 275/70 ROADIAN H/T SUV NEXEN 114S  4PR;4400;23;;0;NEXEN;R16;275;70;Нет
1000224724;K9613;R16 275/70 G051 YOKOHAMA 114H;4835;1;;0;YOKOHAMA;R16;275;70;Нет
;;R16 285/70;;;;;;;;;
1000218331;K2531;R16 285/70 V801 YOKOHAMA 116H;7906;10;;0;YOKOHAMA;R16;285;70;Нет
1000273243; ;R16 285/70 116H  V801 YOKOHAMA (2007) уценка;3000;1;;0;YOKOHAMA уценка;R16;285;70;Нет
;;R16 285/75;;;;;;;;;
1000254550; ;R16 285/75 DISCOVERER ST MAXX COOPER 126/123Q;9768;1;;0;COOPER;R16;285;75;Нет
1000225045;279137;R16 285/75 GRANDTREK AT3 DUNLOP (J) 122Q  LT;6900;4;;0;DUNLOP (J);R16;285;75;Нет
1000250191; ;R16 285/75 BRAVO AT-771 MAXXIS 122/119R  8PR;7032;5;;0;MAXXIS;R16;285;75; 
1000256587;1200005421;R16 285/75 TERRA GRAPPLER NITTO 126Q  LTR M+S 4x4;7250;1;;0;NITTO;R16;285;75;Нет
;;R16C 185/75;;;;;;;;;
1000277652; ;R16C 185/75 MILE MAX LANVIGATOR 104/102R  8PR;0;5;;0;LANVIGATOR;R16C;185;75;Нет
1000264260;424089;R16C 185/75 MPS-330 MAXILLA 2 MATADOR 104R VAN;2817;1;;0;MATADOR;R16C;185;75;Нет
1000271771; ;R16C 185/75 UE168N MAXXIS 104/102Q  8PR;3734;3;;0;MAXXIS;R16C;185;75;Нет
1000248713;1651200;R16C 185/75 CHRONO PIRELLI 104R  ECO;4540;13;;0;PIRELLI;R16C;185;75;Нет
1000255018;T00444;R16C 185/75 H08 (TYH08) TOYO 104S;4300;1;;0;TOYO;R16C;185;75;Нет
1000256892;2235800;R16C 185/75 КШЗ 104Q  К-156Т CARGas у/к (TT);2800;40;;0;КШЗ;R16C;185;75;Нет
;;R16C 195/65;;;;;;;;;
1000277724; ;R16C 195/65 UE103 MAXXIS 104/102T  6PR;0;2;;0;MAXXIS;R16C;195;65;Нет
1000262540;2187700;R16C 195/65 CHRONO 2 PIRELLI 104R ECO;4350;6;;0;PIRELLI;R16C;195;65;Нет
1000251176;360880;R16C 195/65 CARGO SPEED TIGAR 104/102R  LT;3200;1;;0;TIGAR;R16C;195;65;Нет
;;R16C 205/65;;;;;;;;;
1000271769; ;R16C 205/65 UE103 MAXXIS 107/105T  8PR;4342;3;;0;MAXXIS;R16C;205;65;Нет
1000275855;T429218;R16C 205/65 HAKKA C2 NOKIAN 107/105T;5351;4;;0;NOKIAN;R16C;205;65;Нет
1000248722;1576000;R16C 205/65 CHRONO PIRELLI 107/105T;5508;1;;0;PIRELLI;R16C;205;65; 
1000262690;294439;R16C 205/65 CARGO SPEED TIGAR 107/105R LT;3640;1;;0;TIGAR;R16C;205;65;Нет
;;R16C 205/75;;;;;;;;;
1000249362;850480;R16C 205/75 ACTIVAN BF-GOODRICH 110/108R  LT;4500;1;;0;BF-GOODRICH;R16C;205;75;Нет
1000264270;424003;R16C 205/75 MPS-125 VARIANT All Weather MATADOR 110R VAN;3770;1;;0;MATADOR;R16C;205;75;Нет
1000264272;424091;R16C 205/75 MPS-330 MAXILLA 2 MATADOR 110R VAN;3660;2;;0;MATADOR;R16C;205;75;Нет
1000271475; ;R16C 205/75 UE168N MAXXIS 113/111R  10PR;4595;8;;0;MAXXIS;R16C;205;75;Нет
;;R16C 215/60;;;;;;;;;
1000262932;513721;R16C 215/60 AGILIS51 MICHELIN 103/101T LT;5000;1;;0;MICHELIN;R16C;215;60;Нет
;;R16C 215/65;;;;;;;;;
1000262933;13971;R16C 215/65 AGILIS+ MICHELIN 109/107T LT;5950;1;;0;MICHELIN;R16C;215;65;Нет
1000276293;2164700;R16C 215/65 CARRIER PIRELLI 109T VAN;5443;2;;0;PIRELLI;R16C;215;65;Нет
1000249968;1655800;R16C 215/65 CHRONO PIRELLI 109T  ECO;5077;1;;0;PIRELLI;R16C;215;65;Нет
;;R16C 215/75;;;;;;;;;
1000274125; ;R16C 215/75 TRANSWAY LASSA 113/111R;5100;1;;0;LASSA;R16C;215;75;Нет
1000276299;2449100;R16C 215/75 CARRIER PIRELLI 113R VAN;5659;4;;0;PIRELLI;R16C;215;75;Нет
;;R16C 225/65;;;;;;;;;
1000271449; ;R16C 225/65 UE103 MAXXIS 112/110R  8PR;4912;1;;0;MAXXIS;R16C;225;65;Нет
1000248714;1579300;R16C 225/65 CHRONO PIRELLI 112/110R;6462;3;;0;PIRELLI;R16C;225;65; 
;;R16C 225/75;;;;;;;;;
1000271772; ;R16C 225/75 UE168N MAXXIS 116/114Q  8PR;5503;11;;0;MAXXIS;R16C;225;75;Нет
1000251237;1712800;R16C 225/75 CHRONO PIRELLI 118R  ECO;6440;6;;0;PIRELLI;R16C;225;75;Нет
1000279995; ;R16C 225/75 218 КАМА шип;3625;4;;0;КАМА;R16C;225;75;Есть
;;R16C 235/65;;;;;;;;;
1000262544;2187000;R16C 235/65 CHRONO 2 PIRELLI 115R ECO;6951;16;;0;PIRELLI;R16C;235;65;Нет
1000249969;1576100;R16C 235/65 CHRONO PIRELLI 115R  ECO;6989;5;;0;PIRELLI;R16C;235;65;Нет
;;R16C 6.50/;;;;;;;;;
1000222133; ;R16C 6.50/HUALIN HL39 12сл;500;1;;0;HUALIN;R16C;6,5; ; 
;;R16C 7.00/;;;;;;;;;
1000222134; ;R16C 7.00/HUALIN HL36 14сл;500;1;;0;HUALIN;R16C;7; ; 
;;R17 205/45;;;;;;;;;
1000218261;K9399;R17 205/45 PARADA X PA01 YOKOHAMA 88W;4500;2;;0;YOKOHAMA;R17;205;45;Нет
;;R17 205/50;;;;;;;;;
1000250053;1540414;R17 205/50 BRAVURIS 2 BARUM 89V  FR;4000;2;;0;BARUM;R17;205;50;Нет
1000275024; ;R17 205/50 93Y  POTENZA S001  BRIDGESTONE XL (2010) уцен;3000;1;;0;BRIDGESTONE уценка;R17;205;50;Нет
1000227723;285759;R17 205/50 SP SPORT LM703 DUNLOP (J) 89V;4350;3;;0;DUNLOP (J);R17;205;50;Нет
1000250477; ;R17 205/50 VICTRA M-36 MAXXIS 93W;4553;5;;0;MAXXIS;R17;205;50; 
1000256144;11093;R17 205/50 CP641 NEXEN 93V 4PR XL;3900;9;;0;NEXEN;R17;205;50;Нет
1000248832;984300;R17 205/50 P ZERO ROSSO PIRELLI ZR  ASIMMETRICO N3;6000;6;;0;PIRELLI;R17;205;50; 
1000250978;2005500;R17 205/50 CINTURATO P7 PIRELLI 89V  RUN FLAT ECO *;6500;6;;0;PIRELLI;R17;205;50;Нет
1000249221;1934300;R17 205/50 CINTURATO P7 PIRELLI 93V  XL ECO;5550;24;;0;PIRELLI;R17;205;50;Нет
1000262565;2178300;R17 205/50 FORMULA ENERGY PIRELLI 93W  XL;4300;5;;0;PIRELLI;R17;205;50;Нет
1000276396;1842600;R17 205/50 P ZERO PIRELLI 89V RUN FLAT *;8000;8;;0;PIRELLI;R17;205;50;Нет
1000262450;1842900;R17 205/50 P ZERO PIRELLI 89W RUN FLAT *;7000;4;;0;PIRELLI;R17;205;50;Нет
1000218290;F0177;R17 205/50 V103 YOKOHAMA 93Y;4683;13;;0;YOKOHAMA;R17;205;50;Нет
;;R17 205/55;;;;;;;;;
1000262453;2050400;R17 205/55 CINTURATO P7 PIRELLI 91V  RUN FLAT *;7559;4;;0;PIRELLI;R17;205;55;Нет
1000277930; ;R17 205/55 91Y  V103 YOKOHAMA(2009)уценка;0;4;;0;YOKOHAMA уценка;R17;205;55;Нет
;;R17 215/45;;;;;;;;;
1000227772;286781;R17 215/45 SP SPORT MAXX TT DUNLOP (J) 91Y  ZR;4500;1;;0;DUNLOP (J);R17;215;45;Нет
1000225816; ;R17 215/45 VICTRA MA-Z4S MAXXIS 91W;4646;1;;0;MAXXIS;R17;215;45;Нет
1000277580; ;R17 215/45 87W  PRIMACY HP MICHELIN (2010) уценка;0;1;;0;MICHELIN уценка;R17;215;45;Нет
1000280249; ;R17 215/45 97W  PRIMACY HP MICHELIN уценка (залом борт. кольца);0;1;;0;MICHELIN уценка;R17;215;45;Нет
1000256179;12286;R17 215/45 N6000 NEXEN 91W ZR 4PR XL;3800;5;;0;NEXEN;R17;215;45;Нет
1000215803;1463000;R17 215/45 P ZERO NERO PIRELLI 91Y  XL;5000;1;;0;PIRELLI;R17;215;45;Нет
1000255002;F4447;R17 215/45 AC02B YOKOHAMA 91W;4644;8;;0;YOKOHAMA;R17;215;45;Нет
1000218291;F1636;R17 215/45 V103 YOKOHAMA 91Y;4841;4;;0;YOKOHAMA;R17;215;45;Нет
;;R17 215/50;;;;;;;;;
1000228455;350693;R17 215/50 SPORT CONTACT 3 CONTINENTAL 95V  XL E FR;7699;2;;0;CONTINENTAL;R17;215;50;Нет
1000254262; ;R17 215/50 RADIAL MA-V1 MAXXIS 91V  PCR;4358;1;;0;MAXXIS;R17;215;50;Нет
1000225220;799962;R17 215/50 PRIMACY HP MICHELIN 95V  XL;5800;1;;0;MICHELIN;R17;215;50;Нет
1000256147;12379;R17 215/50 CP641 NEXEN 91V 4PR;4100;1;;0;NEXEN;R17;215;50;Нет
1000256177;11498;R17 215/50 N6000 NEXEN 95W ZR 4PR XL;4500;1;;0;NEXEN;R17;215;50;Нет
;;R17 215/55;;;;;;;;;
1000227731;285755;R17 215/55 SP SPORT LM703 DUNLOP (J) 94V;5300;1;;0;DUNLOP (J);R17;215;55;Нет
1000250478; ;R17 215/55 MA-P1 MAXXIS 94V  PCR M+S;4315;1;;0;MAXXIS;R17;215;55;Нет
1000256145;11092;R17 215/55 CP641 NEXEN 94V 4PR;4100;1;;0;NEXEN;R17;215;55;Нет
1000271459;12256;R17 215/55 CP672a NEXEN 94V;4900;2;;0;NEXEN;R17;215;55;Нет
1000211284;1418100;R17 215/55 P 7 PIRELLI 94W;6100;3;;0;PIRELLI;R17;215;55;Нет
;;R17 215/60;;;;;;;;;
1000218006;PSR0529303;R17 215/60 DUELER H/P SPORT BRIDGESTONE 96H;6000;1;;0;BRIDGESTONE;R17;215;60;Нет
1000263590;1549252;R17 215/60 CROSS CONTACT LX 2 CONTINENTAL 96H FR;7400;1;;0;CONTINENTAL;R17;215;60;Нет
1000215011;1567600;R17 215/60 SCORPION STR PIRELLI 96V  M+S;6830;20;;0;PIRELLI;R17;215;60;Нет
1000262508;2145700;R17 215/60 SCORPION VERDE PIRELLI 96V ECO;6620;2;;0;PIRELLI;R17;215;60;Нет
;;R17 225/45;;;;;;;;;
1000262043;PSR0N31603;R17 225/45 SPORTY STYLE MY-02 BRIDGESTONE 91V;5516;1;;0;BRIDGESTONE;R17;225;45;Нет
1000254702;520377;R17 225/45 SP SPORT MAXX TT DUNLOP 91Y  ZR MFS;5600;1;;0;DUNLOP;R17;225;45; 
1000250483; ;R17 225/45 VICTRA MA-Z1 MAXXIS 91W;4581;1;;0;MAXXIS;R17;225;45; 
1000276721; ;R17 225/45 VICTRA MA-Z3 MAXXIS 94W;4850;2;;0;MAXXIS;R17;225;45;Нет
1000274822; ;R17 225/45 94V  NT850+ NITTO  XL M+S PCR UHP (2010) уценка;3500;1;;0;NITTO уценка;R17;225;45;Нет
1000214977;1504100;R17 225/45 P ZERO ROSSO PIRELLI 91W  ASIMMETRICO MO;5550;19;;0;PIRELLI;R17;225;45; 
1000254762;1238400;R17 225/45 P ZERO ROSSO PIRELLI 91Y  ZR;5695;4;;0;PIRELLI;R17;225;45; 
1000262622;1630300;R17 225/45 P ZERO ROSSO PIRELLI 91W  AO;5464;1;;0;PIRELLI;R17;225;45;Нет
1000274835; ;R17 225/45 91W  P ZERO  PIRELLI  RUN FLAT (2008) уценка;2500;1;;0;PIRELLI уценка;R17;225;45; 
1000255634;F4442;R17 225/45 AC02B YOKOHAMA 94W;4905;1;;0;YOKOHAMA;R17;225;45;Нет
1000262206;F4769;R17 225/45 V105 YOKOHAMA 91W;7474;1;;0;YOKOHAMA;R17;225;45;Нет
;;R17 225/50;;;;;;;;;
1000224943;267677;R17 225/50 SP SPORT 2050 DUNLOP (J) 94W;4750;1;;0;DUNLOP (J);R17;225;50;Нет
1000277226; ;R17 225/50 PRO-R1 MAXXIS 98W XL;5153;4;;0;MAXXIS;R17;225;50;Нет
1000250378;74690106;R17 225/50 NEOGEN NITTO 98W  ZR REINFORCED M+S PCR UHP;5600;2;;0;NITTO;R17;225;50;Нет
1000227611;F5108;R17 225/50 A10F YOKOHAMA 94W;6507;2;;0;YOKOHAMA;R17;225;50;Нет
;;R17 225/55;;;;;;;;;
1000248359;350110;R17 225/55 PREMIUM CONTACT 2 CONTINENTAL 101W  XL;7500;1;;0;CONTINENTAL;R17;225;55; 
1000249214;352067;R17 225/55 CROSS CONTACT UHP CONTINENTAL 97W  FR;7730;1;;0;CONTINENTAL;R17;225;55;Нет
1000255546;520375;R17 225/55 SP SPORT MAXX TT DUNLOP 101Y  ZR XL MFS;7500;1;;0;DUNLOP;R17;225;55; 
1000274831; ;R17 225/55 97W  SP SPORT 270  DUNLOP (J)  (2010) уценка;4500;1;;0;DUNLOP уценка;R17;225;55; 
1000250466; ;R17 225/55 VICTRA MA-Z4S MAXXIS 101W  ZR XL PCR M+S;5517;10;;0;MAXXIS;R17;225;55; 
1000227868;142829;R17 225/55 LATITUDE TOUR HP MICHELIN 101H  XL 4x4;7700;более 50;;0;MICHELIN;R17;225;55;Нет
1000271547;10653;R17 225/55 CP643a NEXEN 97V;5430;4;;0;NEXEN;R17;225;55;Нет
1000262629;1988100;R17 225/55 CINTURATO P7 PIRELLI 101W  XL ECO MO;7215;4;;0;PIRELLI;R17;225;55;Нет
1000269650;2140200;R17 225/55 FORMULA ENERGY PIRELLI 101W  XL;5850;5;;0;PIRELLI;R17;225;55;Нет
1000262505;2202700;R17 225/55 SCORPION VERDE PIRELLI 97H ECO;6900;6;;0;PIRELLI;R17;225;55;Нет
1000249430; ;R17 225/55 PROXES S/T II (PXSTII) TOYO 97V;5000;2;;0;TOYO;R17;225;55;Нет
1000225053;F1639;R17 225/55 V103 YOKOHAMA 101Y;5963;1;;0;YOKOHAMA;R17;225;55;Нет
;;R17 225/60;;;;;;;;;
1000256149;11100;R17 225/60 CP641 NEXEN 99H 4PR;5100;1;;0;NEXEN;R17;225;60;Нет
1000254536;1941900;R17 225/60 CINTURATO P7 PIRELLI 99V  ECO *;7260;18;;0;PIRELLI;R17;225;60;Нет
;;R17 225/65;;;;;;;;;
1000263037;1535030;R17 225/65 BRAVURIS 4X4 BARUM 102H  FR;5000;2;;0;BARUM;R17;225;65;Нет
1000255121; ;R17 225/65 TURANZA EL400 BRIDGESTONE 100T;5500;2;;0;BRIDGESTONE;R17;225;65; 
1000270944;PSR0L02903;R17 225/65 ECOPIA EP850 BRIDGESTONE 102H;4940;1;;0;BRIDGESTONE;R17;225;65;Нет
1000224952;284119;R17 225/65 GRANDTREK AT3 DUNLOP (J) 102H;5200;1;;0;DUNLOP (J);R17;225;65;Нет
1000218669;794938;R17 225/65 LATITUDE TOUR HP MICHELIN 102T;6836;4;;0;MICHELIN;R17;225;65; 
1000250075;1919500;R17 225/65 SCORPION STR PIRELLI 102H  M+S;5890;1;;0;PIRELLI;R17;225;65;Нет
;;R17 225/70;;;;;;;;;
1000275084; ;R17 225/70 108S  GRANDTREK AT20 DUNLOP(J) (2008)уценка;3000;4;;0;DUNLOP уценка;R17;225;70;Нет
;;R17 235/45;;;;;;;;;
1000274837; ;R17 235/45 94W  POTENZA RE001ADRENALIN BRIDGESTONE2010)  уценка;3000;1;;0;BRIDGESTONE уценка;R17;235;45; 
1000224968;277867;R17 235/45 SP SPORT 01 DUNLOP (J) 94W;5500;8;;0;DUNLOP (J);R17;235;45;Нет
1000277179; ;R17 235/45 MS800 MAXXIS 97W XL;4691;4;;0;MAXXIS;R17;235;45;Нет
1000277615; ;R17 235/45 RADIAL MA-V1 MAXXIS 97W;0;4;;0;MAXXIS;R17;235;45;Нет
1000254471; ;R17 235/45 VICTRA MA-Z1 MAXXIS 94W  ZR PCR;4910;1;;0;MAXXIS;R17;235;45;Нет
1000225821; ;R17 235/45 VICTRA MA-Z4S MAXXIS 97W  XL ZR PCR M+S;5033;1;;0;MAXXIS;R17;235;45;Нет
1000228024;215776;R17 235/45 PILOT SPORT 3 MICHELIN 97Y  XL ZR;6700;1;;0;MICHELIN;R17;235;45;Нет
1000256184;12288;R17 235/45 N6000 NEXEN 97W ZR 4PR XL;4300;14;;0;NEXEN;R17;235;45;Нет
1000277334; ;R17 235/45 97V  NT850+ NITTO  XL M+S PCR UHP (2010) уценка;3500;3;;0;NITTO уценка;R17;235;45;Нет
1000261653;T428480;R17 235/45 HAKKA BLACK NOKIAN 97Y XL ZR;5901;4;;0;NOKIAN;R17;235;45;Нет
1000249222;1934900;R17 235/45 CINTURATO P7 PIRELLI 94Y  ECO;6660;15;;0;PIRELLI;R17;235;45;Нет
1000255563;1744200;R17 235/45 P ZERO PIRELLI 97Y  XL;6990;5;;0;PIRELLI;R17;235;45;Нет
1000265297; ;R17 235/45 PROXES C1S (PXC1S) TOYO 97W  XL;4050;1;;0;TOYO;R17;235;45;Нет
1000218293;F0150;R17 235/45 V103 YOKOHAMA 97Y;5350;4;;0;YOKOHAMA;R17;235;45;Нет
1000275345; ;R17 235/45 97Y  V103 YOKOHAMA(2010)уценка;3000;1;;0;YOKOHAMA уценка;R17;235;45;Нет
;;R17 235/50;;;;;;;;;
1000227754;290269;R17 235/50 DIREZZA DZ101 DUNLOP (J) 96W  ZR;5500;1;;0;DUNLOP (J);R17;235;50;Нет
;;R17 235/55;;;;;;;;;
1000225217;354511;R17 235/55 4X4 CONTACT CONTINENTAL 99V  FR;8603;1;;0;CONTINENTAL;R17;235;55;Нет
1000249242; ;R17 235/55 MA-P1 MAXXIS 103V  (P);4850;4;;0;MAXXIS;R17;235;55;Нет
1000262910;817676;R17 235/55 LATITUDE SPORT MICHELIN 99V 4x4 AO;8550;1;;0;MICHELIN;R17;235;55;Нет
;;R17 235/60;;;;;;;;;
1000276712; ;R17 235/60 BRAVO HT-770 MAXXIS 102H  OWL M+S;6159;4;;0;MAXXIS;R17;235;60;Нет
1000262456;1874100;R17 235/60 P ZERO PIRELLI 102Y AO;8704;8;;0;PIRELLI;R17;235;60;Нет
1000250986;1766900;R17 235/60 SCORPION ZERO ASIMMETRICO PIRELLI 102V  M+S MO;7350;7;;0;PIRELLI;R17;235;60;Нет
1000243729; ;R17 235/60 PROXES CF1 SUV (PXCF1SUV) TOYO 102H;6300;4;;0;TOYO;R17;235;60;Нет
1000227642;F2194;R17 235/60 G051 YOKOHAMA 103H;6253;2;;0;YOKOHAMA;R17;235;60;Нет
;;R17 235/65;;;;;;;;;
1000256005;PSR1179203;R17 235/65 DUELER H/P SPORT BRIDGESTONE 104V  RBT;6550;2;;0;BRIDGESTONE;R17;235;65;Нет
1000256838; ;R17 235/65 COURAGIA F/X FEDERAL 108V  XL;4750;1;;0;FEDERAL;R17;235;65;Нет
1000257870; ;R17 235/65 MARAUDER MA-S2 MAXXIS 104V  XL PCR;5032;2;;0;MAXXIS;R17;235;65;Нет
1000254455; ;R17 235/65 VICTRA M-36 MAXXIS 104W  ZR PCR;5032;4;;0;MAXXIS;R17;235;65;Нет
1000249210;13759;R17 235/65 ROADIAN A/T II NEXEN 103S  4PR;4800;1;;0;NEXEN;R17;235;65;Нет
1000256336;14859;R17 235/65 ROADIAN H/T SUV NEXEN 103S  4PR;4700;9;;0;NEXEN;R17;235;65;Нет
1000249158;1717900;R17 235/65 SCORPION ATR PIRELLI 108H  XL M+S;6310;1;;0;PIRELLI;R17;235;65;Нет
1000254523;1805900;R17 235/65 SCORPION VERDE PIRELLI 108V  XL ECO;6369;8;;0;PIRELLI;R17;235;65;Нет
1000262023;CBPTR25723G17TH0;R17 235/65 TR257 TRIANGLE 104T;3720;1;;0;TRIANGLE;R17;235;65;Нет
1000216498;K9131;R17 235/65 V802 YOKOHAMA 108W;5624;1;;0;YOKOHAMA;R17;235;65;Нет
;;R17 245/40;;;;;;;;;
1000254477; ;R17 245/40 VICTRA MA-Z4S MAXXIS 95W  XL ZR PCR M+S;6273;3;;0;MAXXIS;R17;245;40;Нет
;;R17 245/45;;;;;;;;;
1000275032; ;R17 245/45 95W  BRAVURIS 2 BARUM  ZR FR (2010) уценка;4000;2;;0;BARUM уценка;R17;245;45;Нет
1000248325;PSR1252003;R17 245/45 POTENZA S001 BRIDGESTONE 99Y  XL;5000;1;;0;BRIDGESTONE;R17;245;45;Нет
1000243634; ;R17 245/45 VICTRA MA-Z4S MAXXIS 99W  XL PCR M+S;5458;6;;0;MAXXIS;R17;245;45; 
1000277249; ;R17 245/45 VICTRA M-36 MAXXIS 99W XL;5458;8;;0;MAXXIS;R17;245;45;Нет
1000256807;1200005336;R17 245/45 NT555 NITTO 89W  ZR PCR UHP;5700;4;;0;NITTO;R17;245;45;Нет
1000275305; ;R17 245/45 89W  NT555 NITTO  ZR PCR UHP(2010) уценка;3500;2;;0;NITTO уценка;R17;245;45;Нет
;;R17 245/55;;;;;;;;;
1000275039; ;R17 245/55 102W  POTENZA RE050A BRIDGESTONE (2005) уцен;3000;1;;0;BRIDGESTONE уценка;R17;245;55;Нет
1000269911;815386;R17 245/55 PRIMACY 3 MICHELIN 102W MO;7500;2;;0;MICHELIN;R17;245;55;Нет
;;R17 245/65;;;;;;;;;
1000258390; ;R17 245/65 COURAGIA S/U FEDERAL 107H;4500;2;;0;FEDERAL;R17;245;65;Нет
1000250181; ;R17 245/65 BRAVO AT-771 MAXXIS 107S  PCR M+S;5459;1;;0;MAXXIS;R17;245;65;Нет
1000248830;1809400;R17 245/65 SCORPION STR PIRELLI 111H  XL M+S;7510;13;;0;PIRELLI;R17;245;65;Нет
1000270212;CBPTR25724G17TF0;R17 245/65 TR257 TRIANGLE 111T;4300;4;;0;TRIANGLE;R17;245;65;Нет
;;R17 245/70;;;;;;;;;
1000227763;287487;R17 245/70 GRANDTREK AT20 DUNLOP (J) 110S;3000;1;;0;DUNLOP (J);R17;245;70;Нет
1000274126; ;R17 245/70 DYNAPRO ATM (RF-10) HANKOOK 108T;5700;2;;0;HANKOOK;R17;245;70;Нет
1000254446; ;R17 245/70 BRAVO AT-771 MAXXIS 110S  M+S PCR;6416;2;;0;MAXXIS;R17;245;70; 
1000250967;E3861;R17 245/70 G012 YOKOHAMA 119R;6507;1;;0;YOKOHAMA;R17;245;70;Нет
1000274477; ;R17 245/70 119R  G012 YOKOHAMA (2008)уценка;3000;1;;0;YOKOHAMA уценка;R17;245;70;Нет
;;R17 255/55;;;;;;;;;
1000274500; ;R17 255/55 108V  NRVI SUV NOKIAN  XL уценка (2008);2000;1;;0;NOKIAN уценка;R17;255;55;Нет
1000249159;1767000;R17 255/55 SCORPION ZERO ASIMMETRICO PIRELLI 104V  M+S MO;8100;3;;0;PIRELLI;R17;255;55;Нет
;;R17 255/60;;;;;;;;;
1000227918;393434;R17 255/60 LATITUDE TOUR HP MICHELIN 106V;8886;1;;0;MICHELIN;R17;255;60; 
1000262230;F5321;R17 255/60 G051 YOKOHAMA 106H;6068;4;;0;YOKOHAMA;R17;255;60;Нет
;;R17 255/65;;;;;;;;;
1000225343;464823;R17 255/65 LATITUDE CROSS MICHELIN 110T  4x4;7510;1;;0;MICHELIN;R17;255;65;Нет
;;R17 255/70;;;;;;;;;
1000270050; ;R17 255/70 GENERAL AMERITRAC(2003)уцен;1000;1;;0;GENERAL уценка;R17;255;70; 
1000254448; ;R17 255/70 BRAVO AT-771 MAXXIS 112S  M+S PCR;7032;8;;0;MAXXIS;R17;255;70; 
;;R17 265/60;;;;;;;;;
1000273395; ;R17 265/60 108V  V801 YOKOHAMA (2008)уценка;3000;1;;0;YOKOHAMA уценка;R17;265;60;Нет
;;R17 265/70;;;;;;;;;
1000250430;1544923;R17 265/70 CROSS CONTACT LX CONTINENTAL 115T  FR;8000;2;;0;CONTINENTAL;R17;265;70;Нет
1000271613; ;R17 265/70 BRAVO AT-771 MAXXIS 115S  M+S;6971;1;;0;MAXXIS;R17;265;70;Нет
1000250358;1200012609;R17 265/70 DURA GRAPPLER NITTO 113S  LTR M+S 4x4;6650;4;;0;NITTO;R17;265;70;Нет
;;R17 275/55;;;;;;;;;
1000273539; ;R17 275/55 109V  DUELER H/P SPORT BRIDGESTONE (2008) уцен;3500;1;;0;BRIDGESTONE уценка;R17;275;55;Нет
1000219538;372372;R17 275/55 LATITUDE DIAMARIS MICHELIN 109V  4x4 MO;5000;1;;0;MICHELIN;R17;275;55;Нет
1000275087; ;R17 275/55 109V  LATITUDE DIAMARIS MICHELIN 4x4 MO (2009г.)уцен;4500;1;;0;MICHELIN уценка;R17;275;55;Нет
1000273214; ;R17 275/55 109W  V802 YOKOHAMA  (2008) уцен;4000;1;;0;YOKOHAMA уценка;R17;275;55;Нет
;;R17 275/60;;;;;;;;;
1000271722; ;R17 275/60 110V  DUELER H/P SPORT BRIDGESTONE  (2009)уцен;3000;2;;0;BRIDGESTONE уценка;R17;275;60;Нет
1000255268;F0546;R17 275/60 G012 YOKOHAMA 110S;6192;3;;0;YOKOHAMA;R17;275;60;Нет
1000272649; ;R17 275/60 110S  G012 YOKOHAMA (2008)уценка;2500;1;;0;YOKOHAMA уценка;R17;275;60;Нет
;;R17 275/65;;;;;;;;;
1000225305; ;R17 275/65 OPEN COUNTRY H/T (OPHT) TOYO 115H;6000;1;;0;TOYO;R17;275;65;Нет
;;R17 285/65;;;;;;;;;
1000250320;293705;R17 285/65 GRANDTREK AT3 DUNLOP (J) 116H;8700;2;;0;DUNLOP (J);R17;285;65; 
1000254444; ;R17 285/65 BRAVO AT-771 MAXXIS 116S  PCR;8123;20;;0;MAXXIS;R17;285;65;Нет
1000227638;F2909;R17 285/65 G012 YOKOHAMA 116H;9125;4;;0;YOKOHAMA;R17;285;65;Нет
;;R17 285/70;;;;;;;;;
1000251303; ;R17 285/70 BIGHORN MT-762 MAXXIS 121/118Q  LT LTR M+S 8PR;10417;1;;0;MAXXIS;R17;285;70;Нет
;;R17 35/12.50;;;;;;;;;
1000251306; ;R17 35/12.50 TREPADOR M8060 MAXXIS 119Q  LT M+S 8PR;13336;1;;0;MAXXIS;R17;35;12,5;Нет
;;R17 37/12.50;;;;;;;;;
1000275298; ;R17 37/12.50 124T  BAJA T/A BF-GOODRICH (2008)  уценка;4000;1;;0;BF-GOODRICH уценка;R17;37;12,5;Нет
;;R17 39/13.50;;;;;;;;;
1000264708; ;R17 39/13.50 BAJA T/A BF-GOODRICH LT;11650;8;;0;BF-GOODRICH;R17;39;13,5;Нет
;;R18 215/45;;;;;;;;;
1000275027; ;R18 215/45 89W  SP SPORT LM 703  DUNLOP (J)ZR (2010) уцен;4000;9;;0;DUNLOP уценка;R18;215;45;Нет
1000220194;F0176;R18 215/45 V103 YOKOHAMA 89Y;5800;1;;0;YOKOHAMA;R18;215;45;Нет
;;R18 215/55;;;;;;;;;
1000279998; ;R18 215/55 OPEN COUNTRY A20 TOYO 95H;0;8;;0;TOYO;R18;215;55;Нет
;;R18 225/35;;;;;;;;;
1000275840; ;R18 225/35 VENTUS S1 EVO (К- 107) HANKOOK 87Y;5000;2;;0;HANKOOK;R18;225;35;Нет
;;R18 225/40;;;;;;;;;
1000227766;287019;R18 225/40 SP SPORT 2050 DUNLOP (J) 88Y;5000;1;;0;DUNLOP (J);R18;225;40;Нет
1000248074;322584;R18 225/40 PILOT SPORT 3 MICHELIN 92Y  ZR EXTRA LOAD;8310;14;;0;MICHELIN;R18;225;40; 
1000262942;255933;R18 225/40 PILOT SPORT 3 MICHELIN 92W  XL ZR;7910;1;;0;MICHELIN;R18;225;40;Нет
1000220947;570291;R18 225/40 PILOT SPORT PS2 MICHELIN 88W  ZP ZR *;7500;2;;0;MICHELIN;R18;225;40;Нет
1000275129; ;R18 225/40 88Y  PILOT EXALTO PE2 MICHELIN (2009) уценка;4500;1;;0;MICHELIN уценка;R18;225;40;Нет
1000275042; ;R18 225/40 92Y  PILOT SPORT 3 MICHELIN  ZR EXTRA LOAD (2010) уценка;7000;7;;0;MICHELIN уценка;R18;225;40;Нет
1000250383;1200005294;R18 225/40 INVO NITTO 92W  XL ZR PCR UHP;5000;1;;0;NITTO;R18;225;40;Нет
1000270847;2330300;R18 225/40 CINTURATO P7 PIRELLI 92W XL;7978;4;;0;PIRELLI;R18;225;40;Нет
1000270870;2178800;R18 225/40 FORMULA ENERGY PIRELLI 92Y XL;6526;9;;0;PIRELLI;R18;225;40;Нет
1000254651;1679700;R18 225/40 P ZERO PIRELLI 92Y  XL MO;7900;4;;0;PIRELLI;R18;225;40;Нет
1000283568; ;R18 225/40 92Y  P ZERO ROSSO PIRELLI (2011) уценка ASIMMETRICO;0;2;;0;PIRELLI уценка;R18;225;40;Нет
;;R18 225/45;;;;;;;;;
1000277616; ;R18 225/45 VICTRA M-36 MAXXIS 95W;6200;4;;0;MAXXIS;R18;225;45;Нет
1000262434;2193000;R18 225/45 P ZERO PIRELLI 91W *;8300;2;;0;PIRELLI;R18;225;45;Нет
;;R18 225/50;;;;;;;;;
1000270849;2245600;R18 225/50 CINTURATO P7 PIRELLI 95W * RUN FLAT;13438;13;;0;PIRELLI;R18;225;50;Нет
;;R18 225/60;;;;;;;;;
1000271768; ;R18 225/60 HP-M3 MAXXIS 100V  M+S;6332;2;;0;MAXXIS;R18;225;60;Нет
1000262443;1553900;R18 225/60 P 7 PIRELLI 100W;7700;9;;0;PIRELLI;R18;225;60;Нет
;;R18 225/65;;;;;;;;;
1000274681; ;R18 225/65 103H  G051 YOKOHAMA (2008)уценка;3500;1;;0;YOKOHAMA уценка;R18;225;65;Нет
;;R18 235/40;;;;;;;;;
1000254963;520399;R18 235/40 SP SPORT MAXX TT DUNLOP 95Y  ZR XL MFS;6950;3;;0;DUNLOP;R18;235;40; 
1000227742;285787;R18 235/40 SP SPORT LM703 DUNLOP (J) 95W  ZR;6000;4;;0;DUNLOP (J);R18;235;40;Нет
1000224967;272377;R18 235/40 SP SPORT MAXX DUNLOP (J) 91Y  ZR;6350;1;;0;DUNLOP (J);R18;235;40;Нет
1000227776;286799;R18 235/40 SP SPORT MAXX TT DUNLOP (J) 95Y  ZR;7035;1;;0;DUNLOP (J);R18;235;40;Нет
1000275273; ;R18 235/40 95Y  EAGLE F1 (ASYMMETRIC) XL GOODYEAR (2009) уценка;4500;1;;0;GOODYEAR уценка;R18;235;40;Нет
1000254476; ;R18 235/40 VICTRA MA-Z4S MAXXIS 95W  XL PRS M+S;6396;6;;0;MAXXIS;R18;235;40;Нет
1000267534; ;R18 235/40 95Y  PILOT SPORT PS2 ZR EXTRA LOAD MICHELIN(2007) уценка;3500;1;;0;MICHELIN уценка;R18;235;40;Нет
1000256695;1200005314;R18 235/40 NT01 NITTO ZR  PCR UHP;5700;1;;0;NITTO;R18;235;40;Нет
1000255484;1723000;R18 235/40 P ZERO PIRELLI 95Y  XL MO;8569;2;;0;PIRELLI;R18;235;40;Нет
1000262429;1836300;R18 235/40 P ZERO ROSSO PIRELLI  N4;7700;2;;0;PIRELLI;R18;235;40;Нет
1000271348;CBPTR96823M18VR0;R18 235/40 TR968 TRIANGLE 91V;3840;1;;0;TRIANGLE;R18;235;40;Нет
;;R18 235/45;;;;;;;;;
1000258330;298781;R18 235/45 SP SPORT MAXX 050 DUNLOP (J) 94Y  ZR;8800;3;;0;DUNLOP (J);R18;235;45;Нет
1000261953;304479;R18 235/45 SP SPORT MAXX TT DUNLOP(J) 98Y;7900;2;;0;DUNLOP (J);R18;235;45;Нет
1000255461;151206;R18 235/45 PILOT SPORT 3 MICHELIN 98Y  XL ZR;10000;1;;0;MICHELIN;R18;235;45;Нет
1000262812;38750;R18 235/45 PRIMACY 3 MICHELIN 98W XL;8500;1;;0;MICHELIN;R18;235;45;Нет
1000272266;77460101;R18 235/45 NT830 NITTO 98W;5000;1;;0;NITTO;R18;235;45;Нет
1000244267;1614600;R18 235/45 P ZERO NERO PIRELLI 98Y  ZR XL;11140;2;;0;PIRELLI;R18;235;45; 
;;R18 235/50;;;;;;;;;
1000270946;PSR0L04103;R18 235/50 ECOPIA EP850 BRIDGESTONE 97V;7010;3;;0;BRIDGESTONE;R18;235;50;Нет
1000275088; ;R18 235/50 SPORT CONTACT CONTINENTAL ZR FR (2009) уценка;4500;1;;0;CONTINENTAL уценка;R18;235;50;Нет
1000277719;1590174;R18 235/50 MP-47 HECTORRA 3 MATADOR 101V  XL FR SUV;6963;8;;0;MATADOR;R18;235;50;Нет
1000271626; ;R18 235/50 HP-M3 MAXXIS 97V  M+S;5644;1;;0;MAXXIS;R18;235;50;Нет
1000254668;884610;R18 235/50 LATITUDE DIAMARIS MICHELIN 97V  4x4;8400;1;;0;MICHELIN;R18;235;50;Нет
1000227865; ;R18 235/50 SCORPION STR PIRELLI 97H;8041;2;;0;PIRELLI;R18;235;50; 
1000262620;1401400;R18 235/50 P ZERO ROSSO PIRELLI 101Y  XL;8710;2;;0;PIRELLI;R18;235;50;Нет
1000215297;1503700;R18 235/50 SCORPION STR PIRELLI 97H  * M+S;7850;7;;0;PIRELLI;R18;235;50;Нет
1000254559;1787100;R18 235/50 SCORPION ZERO ASIMMETRICO PIRELLI 97H  M+S;7490;1;;0;PIRELLI;R18;235;50;Нет
1000225121;K9132;R18 235/50 V802 YOKOHAMA 101W;6353;1;;0;YOKOHAMA;R18;235;50;Нет
1000274061; ;R18 235/50 101W  V802 YOKOHAMA (2009) уценка;3500;1;;0;YOKOHAMA уценка;R18;235;50;Нет
;;R18 235/55;;;;;;;;;
1000271723; ;R18 235/55 100V  DUELER H/P SPORT BRIDGESTONE (2009) уцен;4000;1;;0;BRIDGESTONE уценка;R18;235;55;Нет
1000262496;2079900;R18 235/55 SCORPION VERDE All-Season PIRELLI 104V XL ECO M+S;8340;4;;0;PIRELLI;R18;235;55;Нет
1000255017;1986500;R18 235/55 SCORPION VERDE PIRELLI 100V  ECO;7900;8;;0;PIRELLI;R18;235;55;Нет
1000218253;F1131;R18 235/55 G051 YOKOHAMA 104V;6753;1;;0;YOKOHAMA;R18;235;55;Нет
1000249885;F3315;R18 235/55 V103B YOKOHAMA 100Y;7341;1;;0;YOKOHAMA;R18;235;55;Нет
1000218339;K9134;R18 235/55 V802 YOKOHAMA 100W;7341;3;;0;YOKOHAMA;R18;235;55;Нет
1000274827; ;R18 235/55 100Y  V103B YOKOHAMA (2010) уцен;5000;1;;0;YOKOHAMA уценка;R18;235;55; 
1000277573; ;R18 235/55 100W  V802 YOKOHAMA  (2009) уценка;4500;1;;0;YOKOHAMA уценка;R18;235;55;Нет
1000275557; ;R18 235/55 104V  G051 YOKOHAMA (2010) уценка;5000;1;;0;YOKOHAMA уценка;R18;235;55;Нет
;;R18 235/60;;;;;;;;;
1000255464;563132;R18 235/60 LATITUDE CROSS MICHELIN 107H  XL 4x4;9703;3;;0;MICHELIN;R18;235;60;Нет
1000256909;595767;R18 235/60 LATITUDE TOUR HP MICHELIN 103V  4x4;9242;1;;0;MICHELIN;R18;235;60;Нет
1000250163;1780200;R18 235/60 SCORPION ZERO PIRELLI 103V  M+S;7490;6;;0;PIRELLI;R18;235;60; 
1000220910;1755800;R18 235/60 SCORPION ZERO ASIMMETRICO PIRELLI 103H  M+S;7130;2;;0;PIRELLI;R18;235;60;Нет
1000218340;K9136;R18 235/60 V802 YOKOHAMA 107W;7057;1;;0;YOKOHAMA;R18;235;60;Нет
;;R18 235/65;;;;;;;;;
1000250357;1200011960;R18 235/65 DURA GRAPPLER NITTO 106T  LTR M+S 4x4;7705;4;;0;NITTO;R18;235;65;Нет
;;R18 245/40;;;;;;;;;
1000224986;272463;R18 245/40 SP SPORT 2030 DUNLOP (J) 93Y;8300;3;;0;DUNLOP (J);R18;245;40; 
1000227748;285789;R18 245/40 SP SPORT LM703 DUNLOP (J) 97W  ZR;6500;2;;0;DUNLOP (J);R18;245;40;Нет
1000269821;306259;R18 245/40 SP SPORT MAXX TT DUNLOP (J) 97Y;7305;1;;0;DUNLOP (J);R18;245;40;Нет
1000277319; ;R18 245/40 VICTRA MA-Z3 MAXXIS 97W;6500;3;;0;MAXXIS;R18;245;40;Нет
1000270755; ;R18 245/40 VICTRA MA-Z4S MAXXIS 97W  XL M+S;6609;1;;0;MAXXIS;R18;245;40;Нет
1000276367;2302300;R18 245/40 CINTURATO P7 PIRELLI 97Y XL RUN FLAT MOE;11784;1;;0;PIRELLI;R18;245;40;Нет
1000270146;2400500;R18 245/40 FORMULA ENERGY PIRELLI 97Y  XL;7270;16;;0;PIRELLI;R18;245;40;Нет
1000224827;F1817;R18 245/40 A10F YOKOHAMA 93Y;7413;8;;0;YOKOHAMA;R18;245;40;Нет
1000249933;F7655;R18 245/40 V103S YOKOHAMA 93Y  RF;9257;6;;0;YOKOHAMA;R18;245;40;Нет
;;R18 245/45;;;;;;;;;
1000249852;1540364;R18 245/45 BRAVURIS 2 BARUM 96W  ZR FR;6500;1;;0;BARUM;R18;245;45;Нет
1000276548; ;R18 245/45 96Y  SP SPORT MAXX DUNLOP (J) ZR  (2010) уценка;4000;1;;0;DUNLOP уценка;R18;245;45;Нет
1000250352; ;R18 245/45 ZE-912 FALKEN 100W  ZR XL;7500;3;;0;FALKEN;R18;245;45; 
1000277684; ;R18 245/45 MP-46 HECTORRA 2 MATADOR 100W  XL FR;6285;13;;0;MATADOR;R18;245;45;Нет
1000251308; ;R18 245/45 VICTRA MA-Z1 MAXXIS 100W  XL ZR PCR;6201;1;;0;MAXXIS;R18;245;45;Нет
1000277320; ;R18 245/45 VICTRA MA-Z3 MAXXIS 100W;6202;1;;0;MAXXIS;R18;245;45;Нет
1000270147;2400600;R18 245/45 FORMULA ENERGY PIRELLI 100Y  XL;6785;6;;0;PIRELLI;R18;245;45;Нет
1000262618;2016900;R18 245/45 P ZERO PIRELLI 96Y  AO;8816;1;;0;PIRELLI;R18;245;45;Нет
1000262247;F5893;R18 245/45 V105S YOKOHAMA 100Y;7556;2;;0;YOKOHAMA;R18;245;45;Нет
1000273478; ;R18 245/45 100W  V550 YOKOHAMA  (2009) уценка;4500;1;;0;YOKOHAMA уценка;R18;245;45;Нет
;;R18 245/50;;;;;;;;;
1000256880;350464;R18 245/50 SPORT CONTACT 3 CONTINENTAL 100Y  ZR FR N0;9150;2;;0;CONTINENTAL;R18;245;50;Нет
1000270520;530836;R18 245/50 SP SPORT MAXX RT DUNLOP 100W MO;10920;4;;0;DUNLOP;R18;245;50;Нет
1000211556;1333400;R18 245/50 P ZERO ROSSO PIRELLI 100W  ASIMMETRICO *;8470;4;;0;PIRELLI;R18;245;50; 
1000248559;1766400;R18 245/50 P ZERO PIRELLI 100Y  N0;7650;1;;0;PIRELLI;R18;245;50;Нет
;;R18 245/60;;;;;;;;;
1000262498;1966500;R18 245/60 SCORPION VERDE All-Season PIRELLI 104H ECO M+S;8201;4;;0;PIRELLI;R18;245;60;Нет
;;R18 255/40;;;;;;;;;
1000264007;350961;R18 255/40 SPORT CONTACT 5 CONTINENTAL 95Y  SSR FR *;13950;2;;0;CONTINENTAL;R18;255;40;Нет
1000272136; ;R18 255/40 95Y  SP SPORT MAXX TT DUNLOP (J)ZR (2009) уцен;4500;1;;0;DUNLOP уценка;R18;255;40;Нет
1000275835; ;R18 255/40 VENTUS V12 EVO (K120) HANKOOK 99Y  XL;8500;1;;0;HANKOOK;R18;255;40;Нет
1000250979;1422100;R18 255/40 P ZERO ROSSO PIRELLI 95Y  ASIMMETRICO;9560;10;;0;PIRELLI;R18;255;40; 
;;R18 255/45;;;;;;;;;
1000254542;558896;R18 255/45 SP SPORT 01 DUNLOP 99V  * SUV;7950;2;;0;DUNLOP;R18;255;45;Нет
1000227791;286813;R18 255/45 SP SPORT MAXX TT DUNLOP (J) 99Y  ZR;8250;1;;0;DUNLOP (J);R18;255;45;Нет
1000243308; ;R18 255/45 VENTUS V12 EVO (K-110) HANKOOK 103Y  XL;7250;1;;0;HANKOOK;R18;255;45;Нет
1000277617; ;R18 255/45 VICTRA MA-Z3 MAXXIS 103W;7560;4;;0;MAXXIS;R18;255;45;Нет
1000227921;302429;R18 255/45 LATITUDE DIAMARIS MICHELIN 99V  4x4;9000;29;;0;MICHELIN;R18;255;45;Нет
1000225163;1569500;R18 255/45 P ZERO ROSSO PIRELLI 99Y  ASIMMETRICO MO;8950;7;;0;PIRELLI;R18;255;45; 
1000271488;2373700;R18 255/45 NEROgt PIRELLI 99Y;8500;2;;0;PIRELLI;R18;255;45;Нет
1000276077;F4555;R18 255/45 V103S YOKOHAMA 99Y;8617;1;;0;YOKOHAMA;R18;255;45;Нет
1000274439; ;R18 255/45 103W  V802 YOKOHAMA (2009) уценка;4500;1;;0;YOKOHAMA уценка;R18;255;45;Нет
1000276547; ;R18 255/45 103Y  V103 YOKOHAMA (2008) уцен;5000;1;;0;YOKOHAMA уценка;R18;255;45;Нет
;;R18 255/55;;;;;;;;;
1000258329;296477;R18 255/55 AZENIS FK453CC FALKEN 109W;7000;1;;0;FALKEN;R18;255;55;Нет
1000258392; ;R18 255/55 COURAGIA F/X FEDERAL 109Y  ZR XL;5950;1;;0;FEDERAL;R18;255;55;Нет
1000254423; ;R18 255/55 MARAUDER MA-S2 MAXXIS 109V  XL PCR M+S;6001;1;;0;MAXXIS;R18;255;55;Нет
1000265534; ;R18 255/55 VICTRA M-36 MAXXIS 109W  XL;6183;2;;0;MAXXIS;R18;255;55;Нет
1000256287;15558;R18 255/55 ROADIAN HP NEXEN 109V  4PR XL;5850;5;;0;NEXEN;R18;255;55;Нет
1000262497;1806300;R18 255/55 SCORPION VERDE All-Season PIRELLI 109H XL ECO M+S;6850;1;;0;PIRELLI;R18;255;55;Нет
1000270899;2298200;R18 255/55 SCORPION VERDE PIRELLI 109V  * XL RUN FLAT SUV;11584;4;;0;PIRELLI;R18;255;55;Нет
1000276384;1748500;R18 255/55 SCORPION ZERO ASIMMETRICO PIRELLI 109V XL M+S AO SUV;7421;2;;0;PIRELLI;R18;255;55;Нет
1000275276; ;R18 255/55 P ZERO ROSSO PIRELLI  (2008) уценка;3500;1;;0;PIRELLI уценка;R18;255;55;Нет
1000218298;F1770;R18 255/55 V103B YOKOHAMA 109Y;6536;1;;0;YOKOHAMA;R18;255;55;Нет
;;R18 255/60;;;;;;;;;
1000265535; ;R18 255/60 BRAVO AT-771 MAXXIS 112H  OWL;6911;1;;0;MAXXIS;R18;255;60;Нет
1000270747; ;R18 255/60 HP-M3 MAXXIS 112V  M+S;6729;2;;0;MAXXIS;R18;255;60;Нет
;;R18 265/35;;;;;;;;;
1000255027;T09622;R18 265/35 PROXES C1S (PXC1S) TOYO 97W  RD;9452;4;;0;TOYO;R18;265;35;Нет
1000275043; ;R18 265/35 97Y  V550 YOKOHAMA  (2010) уценка;3000;1;;0;YOKOHAMA уценка;R18;265;35;Нет
;;R18 265/40;;;;;;;;;
1000262430;1713100;R18 265/40 P ZERO PIRELLI 101Y XL;10918;2;;0;PIRELLI;R18;265;40;Нет
;;R18 265/60;;;;;;;;;
1000254135; ;R18 265/60 MARAUDER MA-S2 MAXXIS 110H;6547;3;;0;MAXXIS;R18;265;60;Нет
1000262501;1554100;R18 265/60 SCORPION STR PIRELLI 110H M+S MO;7500;4;;0;PIRELLI;R18;265;60;Нет
1000270145;2310700;R18 265/60 SCORPION VERDE All-Season PIRELLI 110H;7489;1;;0;PIRELLI;R18;265;60;Нет
;;R18 265/65;;;;;;;;;
1000254998; ;R18 265/65 BRAVO AT-771 MAXXIS 114S  PCR;7753;2;;0;MAXXIS;R18;265;65;Нет
;;R18 275/35;;;;;;;;;
1000243682;350406;R18 275/35 SPORT CONTACT 3 CONTINENTAL 95Y  FR MO;12750;2;;0;CONTINENTAL;R18;275;35;Нет
1000248959;214952;R18 275/35 PILOT SPORT 3 MICHELIN 99Y  XL ZR;10000;1;;0;MICHELIN;R18;275;35;Нет
1000214987; ;R18 275/35 P ZERO ROSSO PIRELLI 95Y  ZR MO;13100;7;;0;PIRELLI;R18;275;35; 
1000262424;2146700;R18 275/35 P ZERO PIRELLI 95Y RUN FLAT;14395;2;;0;PIRELLI;R18;275;35;Нет
1000251050;F1445;R18 275/35 V103S YOKOHAMA 95Y  RF;12500;4;;0;YOKOHAMA;R18;275;35;Нет
;;R18 275/40;;;;;;;;;
1000274813; ;R18 275/40 99Y  POTENZA RE050A BRIDGESTONE2009)  уценка;4000;1;;0;BRIDGESTONE уценка;R18;275;40;Нет
1000255589;2059900;R18 275/40 P ZERO PIRELLI 99Y  RUN FLAT;15000;4;;0;PIRELLI;R18;275;40; 
;;R18 275/45;;;;;;;;;
1000283543; ;R18 275/45 POTENZA RE050A BRIDGESTONE 103Y;12500;2;;0;BRIDGESTONE;R18;275;45;Нет
1000254980;352045;R18 275/45 SPORT CONTACT 2 CONTINENTAL 103Y  FR MO ML;7500;1;;0;CONTINENTAL;R18;275;45;Нет
1000225433;24070;R18 275/45 PRIMACY HP MICHELIN 103Y  MO;9500;1;;0;MICHELIN;R18;275;45;Нет
1000218528; ;R18 275/45 103Y  PILOT PRIMACY MICHELIN G1 уцен;1000;1;;0;MICHELIN уценка;R18;275;45; 
1000277739; ;R18 275/45 103Y  PRIMACY HP MICHELIN MO(2007)уценка;0;3;;0;MICHELIN уценка;R18;275;45;Нет
1000274496; ;R18 275/45 103Y  PRIMACY HP MICHELIN MO(2008)уценка;5500;5;;0;MICHELIN уценка;R18;275;45;Нет
1000277740; ;R18 275/45 103Y  PRIMACY HP MICHELIN MO(2010)уценка;0;1;;0;MICHELIN уценка;R18;275;45;Нет
1000270848;2127300;R18 275/45 CINTURATO P7 PIRELLI 103W RUN FLAT MOE;15600;6;;0;PIRELLI;R18;275;45;Нет
1000278212; ;R18 275/45 103Y  P ZERO ROSSO PIRELLI (2009) уценка ASIMMETRICO MO;0;2;;0;PIRELLI уценка;R18;275;45;Нет
;;R18 275/60;;;;;;;;;
1000262054;PSR1296903;R18 275/60 DUELER H/P SPORT BRIDGESTONE 113V;5000;1;;0;BRIDGESTONE;R18;275;60;Нет
1000271718; ;R18 275/60 113V  DUELER H/P SPORT BRIDGESTONE (2009)  уцен;3000;1;;0;BRIDGESTONE уценка;R18;275;60;Нет
1000258375;1578300;R18 275/60 SCORPION STR PIRELLI 113H  M+S;8710;3;;0;PIRELLI;R18;275;60;Нет
;;R18 275/65;;;;;;;;;
1000254445; ;R18 275/65 BRAVO AT-771 MAXXIS 116S  M+S PCR;8062;2;;0;MAXXIS;R18;275;65; 
;;R18 285/30;;;;;;;;;
1000262417;1216400;R18 285/30 P ZERO ROSSO PIRELLI  N4;12909;2;;0;PIRELLI;R18;285;30;Нет
;;R18 285/40;;;;;;;;;
1000262432;1514800;R18 285/40 P ZERO ROSSO PIRELLI 101Y;15750;2;;0;PIRELLI;R18;285;40;Нет
1000274360; ;R18 285/40 101Y  V102 YOKOHAMA (2003) уценка;1500;1;;0;YOKOHAMA уценка;R18;285;40;Нет
;;R18 285/50;;;;;;;;;
1000273524; ;R18 285/50 109W  DUELER H/P SPORT BRIDGESTONE (2008)  уцен;5000;1;;0;BRIDGESTONE уценка;R18;285;50;Нет
1000271710; ;R18 285/50 109W  DUELER H/P SPORT BRIDGESTONE (2009)  уцен;4000;12;;0;BRIDGESTONE уценка;R18;285;50;Нет
1000275558; ;R18 285/50 109W  CROSS CONTACT UHP CONTINENTAL   FR (2010) уценка;5000;8;;0;CONTINENTAL уценка;R18;285;50;Нет
1000256516;556700;R18 285/50 SP SPORT 9000 DUNLOP 109W  MFS;7500;6;;0;DUNLOP;R18;285;50;Нет
1000002648;136029;R18 285/50 4X4 DIAMARIS MICHELIN 109W;7500;2;;0;MICHELIN;R18;285;50;Нет
1000274480; ;R18 285/50 109V  PROXES S/T (PXST) TOYO (2009) уценка;7000;8;;0;TOYO уценка;R18;285;50;Нет
;;R18 285/55;;;;;;;;;
1000275093; ;R18 285/55 113V  WRANGLER F1 GOODYEAR (2009)уценка;5000;1;;0;GOODYEAR уценка;R18;285;55;Нет
1000215365;916900;R18 285/55 SCORPION ZERO PIRELLI 113V  M+S;9073;2;;0;PIRELLI;R18;285;55;Нет
1000214853;K9125;R18 285/55 V802 YOKOHAMA 113W;8200;2;;0;YOKOHAMA;R18;285;55;Нет
;;R18 285/60;;;;;;;;;
1000277607; ;R18 285/60 DYNAPRO HP2 (RA-33) HANKOOK 116V;8240;2;;0;HANKOOK;R18;285;60;Нет
1000276859; ;R18 285/60 BRAVO AT-771 MAXXIS 116T M+S;8515;18;;0;MAXXIS;R18;285;60;Нет
1000256289;15455;R18 285/60 ROADIAN HP NEXEN 116V  4PR;7480;2;;0;NEXEN;R18;285;60;Нет
1000256623;1200005419;R18 285/60 TERRA GRAPPLER NITTO 120S  LTR REINFORCED M+S SUV;8300;2;;0;NITTO;R18;285;60;Нет
1000262502;2320600;R18 285/60 SCORPION VERDE All-Season PIRELLI 120V XL ECO M+S;7820;8;;0;PIRELLI;R18;285;60;Нет
;;R18 295/35;;;;;;;;;
1000224770;68543;R18 295/35 PILOT SPORT PS2 MICHELIN 99Y  ZR;10000;2;;0;MICHELIN;R18;295;35;Нет
;;R18 295/45;;;;;;;;;
1000249633; ;R18 295/45 PROXES S/T II (PXSTII) TOYO;9500;4;;0;TOYO;R18;295;45;Нет
;;R18 325/65;;;;;;;;;
1000254493; ;R18 325/65 BRAVO AT-771 MAXXIS 121/118S  LT LTR 8PR;14185;4;;0;MAXXIS;R18;325;65;Нет
;;R19 225/40;;;;;;;;;
1000262600;2288400;R19 225/40 P ZERO PIRELLI 93Y  XL;11863;3;;0;PIRELLI;R19;225;40;Нет
;;R19 235/35;;;;;;;;;
1000224964;257907;R19 235/35 DIREZZA DZ101 DUNLOP (J) 87W;9000;5;;0;DUNLOP (J);R19;235;35;Нет
1000277486; ;R19 235/35 91W  SP SPORT LM 703  DUNLOP (J) ZR (2009) уцен;5000;1;;0;DUNLOP уценка;R19;235;35;Нет
1000276713; ;R19 235/35 VICTRA MA-Z4S MAXXIS 91W  XL;7929;4;;0;MAXXIS;R19;235;35;Нет
1000243562;531615;R19 235/35 PILOT SPORT PS2 MICHELIN 87Y  ZR N2;9500;4;;0;MICHELIN;R19;235;35;Нет
1000216993;1514300;R19 235/35 P ZERO ROSSO PIRELLI 87Y  ASIMMETRICO N1;9000;4;;0;PIRELLI;R19;235;35; 
;;R19 235/45;;;;;;;;;
1000262485;1754300;R19 235/45 SCORPION ZERO ASIMMETRICO PIRELLI 99V  XL M+S;11800;8;;0;PIRELLI;R19;235;45;Нет
;;R19 235/50;;;;;;;;;
1000254969;354010;R19 235/50 CROSS CONTACT UHP CONTINENTAL 99V  FR MO;11370;2;;0;CONTINENTAL;R19;235;50;Нет
;;R19 235/55;;;;;;;;;
1000271565;11373;R19 235/55 N8000 NEXEN 101H;6900;8;;0;NEXEN;R19;235;55;Нет
1000276361;2205400;R19 235/55 SCORPION VERDE PIRELLI 101Y N0 SUV;9553;4;;0;PIRELLI;R19;235;55;Нет
1000276360;1916200;R19 235/55 SCORPION VERDE PIRELLI 105V XL SUV;9075;1;;0;PIRELLI;R19;235;55;Нет
1000227648;F2355;R19 235/55 PARADA X PA02J YOKOHAMA 101V;8186;1;;0;YOKOHAMA;R19;235;55;Нет
;;R19 245/35;;;;;;;;;
1000224983;257909;R19 245/35 DIREZZA DZ101 DUNLOP (J) 89W;9000;1;;0;DUNLOP (J);R19;245;35;Нет
1000262595;1833200;R19 245/35 P ZERO PIRELLI 93Y  XL *;11136;4;;0;PIRELLI;R19;245;35;Нет
1000255560;2031900;R19 245/35 P ZERO PIRELLI 93Y  XL MO;11136;4;;0;PIRELLI;R19;245;35;Нет
1000250503;F0154;R19 245/35 V103 YOKOHAMA 93Y;9287;2;;0;YOKOHAMA;R19;245;35;Нет
;;R19 245/40;;;;;;;;;
1000253775; ;R19 245/40 POTENZA RE050A BRIDGESTONE 94Y  RUN FLAT;9000;1;;0;BRIDGESTONE;R19;245;40;Нет
1000254876;520708;R19 245/40 SP SPORT 01 DUNLOP 98Y  XL MFS UHP;10544;2;;0;DUNLOP;R19;245;40;Нет
1000253977;7410;R19 245/40 PRIMACY HP MICHELIN 94Y  ZP *;13800;1;;0;MICHELIN;R19;245;40;Нет
1000254654;1941800;R19 245/40 P ZERO PIRELLI 94Y  RUN FLAT *;15413;5;;0;PIRELLI;R19;245;40;Нет
1000249732;1876600;R19 245/40 P ZERO PIRELLI 98Y  XL J;13364;18;;0;PIRELLI;R19;245;40;Нет
1000262406;2206800;R19 245/40 P ZERO SILVER PIRELLI 98Y XL;11440;6;;0;PIRELLI;R19;245;40;Нет
;;R19 245/45;;;;;;;;;
1000264483;511455;R19 245/45 SP SPORT 01A DUNLOP 98Y MFS * ZR UHP;10000;10;;0;DUNLOP;R19;245;45;Нет
1000254710;521941;R19 245/45 SP SPORT MAXX GT DUNLOP 102Y  XL MFS ZR UHP;12100;1;;0;DUNLOP;R19;245;45;Нет
1000243666;521540;R19 245/45 SP SPORT MAXX GT DUNLOP 98Y  ROF MFS *;14526;13;;0;DUNLOP;R19;245;45;Нет
1000254421;297689;R19 245/45 SP SPORT MAXX 101 DUNLOP (J) 102Y  ZR;11250;1;;0;DUNLOP (J);R19;245;45;Нет
1000254989;297685;R19 245/45 SP SPORT MAXX 101 DUNLOP (J) 98Y  ZR;11250;3;;0;DUNLOP (J);R19;245;45;Нет
1000277220; ;R19 245/45 PRO-R1 MAXXIS 102W XL;8487;4;;0;MAXXIS;R19;245;45;Нет
1000225195;1486600;R19 245/45 P ZERO ROSSO PIRELLI 98Y  ASIMMETRICO *;12728;6;;0;PIRELLI;R19;245;45; 
1000262274;F5897;R19 245/45 V105S YOKOHAMA 98Y;9856;4;;0;YOKOHAMA;R19;245;45;Нет
;;R19 245/55;;;;;;;;;
1000277492; ;R19 245/55 DYNAPRO HP2 (RA-33) HANKOOK 103H;9350;3;;0;HANKOOK;R19;245;55;Нет
1000277017; ;R19 245/55 CV01 MAXXIS 103V M+S;8062;2;;0;MAXXIS;R19;245;55;Нет
;;R19 255/30;;;;;;;;;
1000262836;900165;R19 255/30 PILOT SUPER SPORT MICHELIN 91Y XL ZR;10000;1;;0;MICHELIN;R19;255;30;Нет
1000255917;F0167;R19 255/30 V103 YOKOHAMA 91Y;11648;4;;0;YOKOHAMA;R19;255;30; 
;;R19 255/35;;;;;;;;;
1000227787;286821;R19 255/35 SP SPORT MAXX TT DUNLOP (J) 96Y  ZR;9900;1;;0;DUNLOP (J);R19;255;35;Нет
1000224636;428643;R19 255/35 PILOT SPORT PS2 MICHELIN 96Y  EXTRA LOAD;10000;2;;0;MICHELIN;R19;255;35; 
1000262946;201506;R19 255/35 PILOT SPORT PS2 MICHELIN 96Y  XL ZR RO1;10000;1;;0;MICHELIN;R19;255;35;Нет
1000258682;1518500;R19 255/35 P ZERO ROSSO PIRELLI 96Y  XL AO;10500;1;;0;PIRELLI;R19;255;35;Нет
;;R19 255/40;;;;;;;;;
1000271828; ;R19 255/40 VICTRA MA-Z1 MAXXIS 100W XL M+S;8487;7;;0;MAXXIS;R19;255;40;Нет
1000262278;F7081;R19 255/40 V105S YOKOHAMA 100Y;9439;1;;0;YOKOHAMA;R19;255;40;Нет
;;R19 255/50;;;;;;;;;
1000211256;PSR0963603;R19 255/50 TURANZA ER30 BRIDGESTONE 103V;10356;2;;0;BRIDGESTONE;R19;255;50;Нет
1000277372; ;R19 255/50 VENTUS S1 EVO2 SUV (K-117А) HANKOOK 107Y  XL;9540;1;;0;HANKOOK;R19;255;50;Нет
1000254480; ;R19 255/50 VICTRA MA-Z4S MAXXIS 107W  PCR;8305;1;;0;MAXXIS;R19;255;50;Нет
1000255509;T10810;R19 255/50 PROXES T1 SPORT SUV (PXT1SSUV) TOYO 107W  RD;9300;1;;0;TOYO;R19;255;50;Нет
;;R19 255/55;;;;;;;;;
1000277747; ;R19 255/55 VENTUS S1 EVO2 SUV (K-117А) HANKOOK 111V;8450;1;;0;HANKOOK;R19;255;55;Нет
1000271641; ;R19 255/55 HP-M3 MAXXIS 111V  M+S;7990;4;;0;MAXXIS;R19;255;55;Нет
1000254484; ;R19 255/55 VICTRA MA-Z4S MAXXIS 111W  PCR M+S;8123;2;;0;MAXXIS;R19;255;55;Нет
1000255533;T10809;R19 255/55 PROXES T1 SPORT SUV (PXT1SSUV) TOYO 111V  RD;9000;1;;0;TOYO;R19;255;55;Нет
;;R19 265/30;;;;;;;;;
1000262393;1716400;R19 265/30 P ZERO PIRELLI 93Y XL;11150;2;;0;PIRELLI;R19;265;30;Нет
1000275019; ;R19 265/30 93Y  V102 YOKOHAMA(2009) уценка;6000;4;;0;YOKOHAMA уценка;R19;265;30;Нет
;;R19 265/35;;;;;;;;;
1000280339; ;R19 265/35 POTENZA RE050A BRIDGESTONE 94Y  XL;10950;2;;0;BRIDGESTONE;R19;265;35;Нет
1000280314; ;R19 265/35 POTENZA RE050A BRIDGESTONE 98Y  XL;10950;2;;0;BRIDGESTONE;R19;265;35;Нет
1000254655;1787200;R19 265/35 P ZERO PIRELLI 94Y  N2;13056;2;;0;PIRELLI;R19;265;35;Нет
1000262597;1833300;R19 265/35 P ZERO PIRELLI 98Y  XL *;12500;2;;0;PIRELLI;R19;265;35;Нет
1000262402;2206600;R19 265/35 P ZERO SILVER PIRELLI 98Y XL;12500;1;;0;PIRELLI;R19;265;35;Нет
;;R19 265/50;;;;;;;;;
1000254838;350789;R19 265/50 4X4 CONTACT CONTINENTAL 110H  XL FR AO;10650;2;;0;CONTINENTAL;R19;265;50;Нет
1000262487;1805000;R19 265/50 SCORPION VERDE All-Season PIRELLI 110V XL ECO M+S N0;9358;1;;0;PIRELLI;R19;265;50;Нет
;;R19 275/30;;;;;;;;;
1000264487;513469;R19 275/30 SP SPORT MAXX DUNLOP 96Y XL ZR UHP;14019;2;;0;DUNLOP;R19;275;30;Нет
1000225027;268323;R19 275/30 DIREZZA DZ101 DUNLOP (J) 92W;9900;3;;0;DUNLOP (J);R19;275;30;Нет
1000215433;535436;R19 275/30 PILOT SPORT PS2 MICHELIN 96Y  ZR EXTRA LOAD;10000;2;;0;MICHELIN;R19;275;30;Нет
1000258372;2032000;R19 275/30 P ZERO PIRELLI 96Y  XL MO;13300;4;;0;PIRELLI;R19;275;30;Нет
;;R19 275/35;;;;;;;;;
1000225400;513470;R19 275/35 SP SPORT MAXX DUNLOP 100Y  XL ZR UHP;12500;1;;0;DUNLOP;R19;275;35;Нет
;;R19 275/40;;;;;;;;;
1000280316; ;R19 275/40 POTENZA RE050A BRIDGESTONE 101Y;14500;2;;0;BRIDGESTONE;R19;275;40;Нет
1000264488;511456;R19 275/40 SP SPORT 01A DUNLOP 101Y MFS * ZR UHP;11000;2;;0;DUNLOP;R19;275;40;Нет
1000254711;524883;R19 275/40 SP SPORT MAXX GT DUNLOP 105Y  XL J MFS ZR UHP;11000;2;;0;DUNLOP;R19;275;40;Нет
1000211443;1839300;R19 275/40 P ZERO ROSSO PIRELLI 105Y  XL BC;14000;1;;0;PIRELLI;R19;275;40;Нет
1000280241; ;R19 275/40 101Y  P ZERO ROSSO PIRELLI * (2009) уценка;0;1;;0;PIRELLI уценка;R19;275;40;Нет
;;R19 275/45;;;;;;;;;
1000275559; ;R19 275/45 108Y  SPORT CONTACT 5 CONTINENTAL XL FR SUV (2010) уценка;6000;2;;0;CONTINENTAL уценка;R19;275;45;Нет
1000261936;297997;R19 275/45 AZENIS FK453CC FALKEN 108Y;7150;8;;0;FALKEN;R19;275;45;Нет
1000215132;536851;R19 275/45 LATITUDE TOUR HP MICHELIN 108V  XL 4x4 N0;11750;8;;0;MICHELIN;R19;275;45;Нет
1000214403;1688600;R19 275/45 P ZERO ROSSO PIRELLI 108Y  XL ASIMMETRICO N1;10685;2;;0;PIRELLI;R19;275;45; 
1000218344;F0716;R19 275/45 V802 YOKOHAMA 108Y;8000;1;;0;YOKOHAMA;R19;275;45;Нет
1000275017; ;R19 275/45 108Y  V103B  YOKOHAMA (2008) уцен;6000;8;;0;YOKOHAMA уценка;R19;275;45; 
;;R19 275/50;;;;;;;;;
1000267531; ;R19 275/50 112W  PILOT PRIMACY EXTRA LOAD MO MICHELIN уцен;2500;1;;0;MICHELIN уценка;R19;275;50;Нет
;;R19 275/55;;;;;;;;;
1000226307;1548290;R19 275/55 4X4 CONTACT CONTINENTAL 111H  FR ML;12680;4;;0;CONTINENTAL;R19;275;55;Нет
1000264067;1548300;R19 275/55 4X4 CONTACT CONTINENTAL 111V  FR MO ML;12775;4;;0;CONTINENTAL;R19;275;55;Нет
1000217439;561954;R19 275/55 SP SPORT MAXX DUNLOP 111V  MO MFS SUV;10850;4;;0;DUNLOP;R19;275;55;Нет
1000249919;1792100;R19 275/55 SCORPION ZERO PIRELLI 111H  M+S MO;11443;9;;0;PIRELLI;R19;275;55;Нет
;;R19 285/35;;;;;;;;;
1000256513;518040;R19 285/35 SP SPORT MAXX GT DUNLOP ZR  MFS ZR UHP;12000;2;;0;DUNLOP;R19;285;35;Нет
1000255489;1907000;R19 285/35 P ZERO PIRELLI 103Y  XL AM6;11750;2;;0;PIRELLI;R19;285;35;Нет
;;R19 285/40;;;;;;;;;
1000262413;1723300;R19 285/40 P ZERO PIRELLI 103Y;13500;2;;0;PIRELLI;R19;285;40;Нет
1000262412;1919000;R19 285/40 P ZERO PIRELLI 103Y N0;14250;2;;0;PIRELLI;R19;285;40;Нет
1000276354;2315400;R19 285/40 P ZERO PIRELLI 103Y N1;14250;2;;0;PIRELLI;R19;285;40;Нет
1000270893;2306700;R19 285/40 P ZERO PIRELLI 107Y  XL MO;14450;2;;0;PIRELLI;R19;285;40;Нет
;;R19 285/45;;;;;;;;;
1000211257;PSR0963703;R19 285/45 TURANZA ER30 BRIDGESTONE 107V;10021;2;;0;BRIDGESTONE;R19;285;45;Нет
1000270841;2298000;R19 285/45 SCORPION VERDE PIRELLI 111W * XL RUN FLAT SUV;13850;8;;0;PIRELLI;R19;285;45;Нет
1000218345;K9137;R19 285/45 V802 YOKOHAMA 107W;9334;1;;0;YOKOHAMA;R19;285;45;Нет
;;R19 295/30;;;;;;;;;
1000280317; ;R19 295/30 POTENZA RE050A BRIDGESTONE 100Y;12950;2;;0;BRIDGESTONE;R19;295;30;Нет
1000254685;172795;R19 295/30 PILOT SPORT PS2 MICHELIN 100Y  XL ZR N2;15000;2;;0;MICHELIN;R19;295;30;Нет
1000275335; ;R19 295/30 100Y  PILOT SPORT PS2  MICHELIN EXTRA LOAD ZR RO1 (2009) уценка;5000;1;;0;MICHELIN уценка;R19;295;30;Нет
1000249730;1737800;R19 295/30 P ZERO PIRELLI 100Y  XL N2;15088;2;;0;PIRELLI;R19;295;30;Нет
1000257018;2049100;R19 295/30 P ZERO PIRELLI 100Y  ZR XL AM8;17760;2;;0;PIRELLI;R19;295;30;Нет
;;R20 235/35;;;;;;;;;
1000262386;1928800;R20 235/35 P ZERO PIRELLI 88Y N0;12500;2;;0;PIRELLI;R20;235;35;Нет
;;R20 245/40;;;;;;;;;
1000002888;225216;R20 245/40 PILOT PRIMACY MICHELIN 95Y  *;12250;1;;0;MICHELIN;R20;245;40;Нет
;;R20 255/35;;;;;;;;;
1000263032;1540137;R20 255/35 BRAVURIS 2 BARUM 97Y XL ZR FR;12119;8;;0;BARUM;R20;255;35;Нет
1000263468;356299;R20 255/35 SPORT CONTACT 5P CONTINENTAL 97Y XL FR;14550;1;;0;CONTINENTAL;R20;255;35;Нет
1000264493;528703;R20 255/35 SP SPORT MAXX DUNLOP 97Y XL J MFS ZR UHP;12000;1;;0;DUNLOP;R20;255;35;Нет
1000227749;285793;R20 255/35 SP SPORT LM703 DUNLOP (J) 97W  ZR;9650;2;;0;DUNLOP (J);R20;255;35;Нет
1000255586; ;R20 255/35 SUPER STEEL 595 FEDERAL 93W  ZR;7250;2;;0;FEDERAL;R20;255;35;Нет
;;R20 255/50;;;;;;;;;
1000248077;744732;R20 255/50 LATITUDE DIAMARIS MICHELIN 109Y  XL 4x4 DT;12750;1;;0;MICHELIN;R20;255;50;Нет
1000271383; ;R20 255/50 109V  PARADA X PA02 YOKOHAMA(2007) уцен;6000;1;;0;YOKOHAMA уценка;R20;255;50;Нет
;;R20 255/55;;;;;;;;;
1000262483;2154900;R20 255/55 SCORPION VERDE All-Season PIRELLI 110W XL ECO M+S LR;14721;4;;0;PIRELLI;R20;255;55;Нет
;;R20 265/35;;;;;;;;;
1000249156;1654800;R20 265/35 P ZERO PIRELLI 99Y  ZR XL;20380;13;;0;PIRELLI;R20;265;35; 
1000262584;1928900;R20 265/35 P ZERO PIRELLI 95Y  N0;15900;2;;0;PIRELLI;R20;265;35;Нет
1000255597;F4557;R20 265/35 V103S YOKOHAMA 99Y;14054;3;;0;YOKOHAMA;R20;265;35;Нет
;;R20 265/45;;;;;;;;;
1000279200;527160;R20 265/45 SP SPORT MAXX GT DUNLOP 104Y  XL MO MFS;0;8;;0;DUNLOP;R20;265;45;Нет
1000245744;1574200;R20 265/45 P ZERO ROSSO PIRELLI 104Y  ASIMMETRICO MO;13095;40;;0;PIRELLI;R20;265;45; 
;;R20 265/50;;;;;;;;;
1000220033; ;R20 265/50 MARAUDER MA-S2 MAXXIS 112V  XL;7759;1;;0;MAXXIS;R20;265;50; 
;;R20 275/30;;;;;;;;;
1000225028;272337;R20 275/30 SP SPORT MAXX DUNLOP (J) 97Y  ZR;16200;2;;0;DUNLOP (J);R20;275;30;Нет
1000275343; ;R20 275/30 97Y  SP SPORT  MAXX  DUNLOP (J) ZR (2010) уценка;5000;8;;0;DUNLOP уценка;R20;275;30;Нет
;;R20 275/35;;;;;;;;;
1000256927;F1772;R20 275/35 V103S YOKOHAMA ZR;12539;1;;0;YOKOHAMA;R20;275;35;Нет
;;R20 275/40;;;;;;;;;
1000254911;296725;R20 275/40 AZENIS FK453CC FALKEN 106Y;8500;более 50;;0;FALKEN;R20;275;40;Нет
1000258394; ;R20 275/40 COURAGIA F/X FEDERAL 106W  ZR XL;7000;1;;0;FEDERAL;R20;275;40;Нет
1000262966;463876;R20 275/40 4X4 DIAMARIS MICHELIN 106Y  XL N1;14100;5;;0;MICHELIN;R20;275;40;Нет
1000256296;15470;R20 275/40 ROADIAN HP NEXEN 106V  4PR XL;7500;8;;0;NEXEN;R20;275;40;Нет
1000250372;1200005393;R20 275/40 INVO NITTO 106W  XL ZR LTR SUV;8700;1;;0;NITTO;R20;275;40;Нет
1000215590; ;R20 275/40 P ZERO ROSSO PIRELLI 106Y;13550;4;;0;PIRELLI;R20;275;40; 
1000249161;1688500;R20 275/40 P ZERO ROSSO PIRELLI 106Y  XL ASIMMETRICO N1;13000;1;;0;PIRELLI;R20;275;40; 
1000262646;1629900;R20 275/40 SCORPION ZERO ASIMMETRICO PIRELLI 106Y  XL M+S;12500;10;;0;PIRELLI;R20;275;40;Нет
1000218265;F1974;R20 275/40 PARADA X PA02 YOKOHAMA 106V;8500;16;;0;YOKOHAMA;R20;275;40;Нет
1000218347;K9142;R20 275/40 V802 YOKOHAMA 106Y;10809;2;;0;YOKOHAMA;R20;275;40;Нет
;;R20 275/45;;;;;;;;;
1000254525;1806100;R20 275/45 SCORPION VERDE All-Season PIRELLI 110V  XL ECO M+S N0;12750;1;;0;PIRELLI;R20;275;45;Нет
1000244268;1748200;R20 275/45 SCORPION ZERO ASIMMETRICO PIRELLI 110H  XL M+S AO;12217;3;;0;PIRELLI;R20;275;45;Нет
;;R20 275/55;;;;;;;;;
1000260068; ;R20 275/55 DISCOVERER H/T PLUS COOPER 117T;9450;1;;0;COOPER;R20;275;55; 
1000279650; ;R20 275/55 DISCOVERER H/T PLUS COOPER 114T;10465;2;;0;COOPER;R20;275;55;Нет
1000276857; ;R20 275/55 BRAVO AT-771 MAXXIS 117T M+S;10193;4;;0;MAXXIS;R20;275;55;Нет
1000258663;1852000;R20 275/55 SCORPION ATR PIRELLI 111S  M+S WL;13500;10;;0;PIRELLI;R20;275;55;Нет
;;R20 275/60;;;;;;;;;
1000273183; ;R20 275/60 BRAVO AT-771 MAXXIS 115S  OWL ALL TERRAIN;9912;5;;0;MAXXIS;R20;275;60;Нет
1000254489; ;R20 275/60 BRAVO HT-770 MAXXIS 115T  PCR;9912;8;;0;MAXXIS;R20;275;60;Нет
1000225653;887014;R20 275/60 LATITUDE TOUR HP MICHELIN 114H  4x4;12350;1;;0;MICHELIN;R20;275;60;Нет
;;R20 275/65;;;;;;;;;
1000276847; ;R20 275/65 BRAVO AT-771 MAXXIS 126/123R 10PR M+S LT;12124;4;;0;MAXXIS;R20;275;65;Нет
1000256573;1200012715;R20 275/65 DURA GRAPPLER NITTO 126/123R  LTR M+S 4x4;11000;1;;0;NITTO;R20;275;65;Нет
;;R20 285/50;;;;;;;;;
1000222659; ;R20 285/50 GRABBER GENERAL 112V  UHB;3000;1;;0;GENERAL;R20;285;50; 
1000273492; ;R20 285/50 112V  GRABBER GENERAL UHB(2006) уценка;2500;1;;0;GENERAL уценка;R20;285;50;Нет
;;R20 295/30;;;;;;;;;
1000262381;2067700;R20 295/30 P ZERO PIRELLI 101Y XL N0;19670;3;;0;PIRELLI;R20;295;30;Нет
;;R20 295/45;;;;;;;;;
1000249546;354560;R20 295/45 CROSS CONTACT UHP CONTINENTAL 114W  XL ZR FR;18606;3;;0;CONTINENTAL;R20;295;45;Нет
1000256299;15459;R20 295/45 ROADIAN HP NEXEN 114V  4PR XL;8250;2;;0;NEXEN;R20;295;45;Нет
;;R20 305/45;;;;;;;;;
1000225669;K9145;R20 305/45 V802 YOKOHAMA 116W;12000;4;;0;YOKOHAMA;R20;305;45;Нет
1000275347; ;R20 305/45 116W  V802 YOKOHAMA (2008) уценка;5000;1;;0;YOKOHAMA уценка;R20;305;45;Нет
;;R20 305/50;;;;;;;;;
1000280340; ;R20 305/50 DISCOVERER H/T PLUS COOPER 120T;10000;8;;0;COOPER;R20;305;50;Нет
1000275081; ;R20 305/50 116H  SCORPION STR PIRELLI  (2005) уценка;5000;1;;0;PIRELLI уценка;R20;305;50;Нет
;;R20 315/35;;;;;;;;;
1000271381;354221;R20 315/35 SPORT CONTACT 5 CONTINENTAL 110W  XL FR SUV SSR *;21419;2;;0;CONTINENTAL;R20;315;35;Нет
1000215355;562417;R20 315/35 SP SPORT MAXX DUNLOP 110W  XL ROF MFS * SUV;15350;19;;0;DUNLOP;R20;315;35;Нет
1000269957;964349;R20 315/35 LATITUDE SPORT 3 MICHELIN 110W;20026;2;;0;MICHELIN;R20;315;35;Нет
1000249862;F3318;R20 315/35 V103B YOKOHAMA 110Y;13905;4;;0;YOKOHAMA;R20;315;35;Нет
1000218349;K9141;R20 315/35 V802 YOKOHAMA 110Y;14322;1;;0;YOKOHAMA;R20;315;35;Нет
1000274999; ;R20 315/35 110Y  V103B  YOKOHAMA (2010) уцен;7500;1;;0;YOKOHAMA уценка;R20;315;35;Нет
;;R21 245/40;;;;;;;;;
1000262368;1809700;R21 245/40 P ZERO PIRELLI 100Y XL;19000;2;;0;PIRELLI;R21;245;40;Нет
;;R21 255/30;;;;;;;;;
1000256821;513651;R21 255/30 SP SPORT MAXX DUNLOP ZR  XL MFS;14500;2;;0;DUNLOP;R21;255;30;Нет
;;R21 285/30;;;;;;;;;
1000254689;64988;R21 285/30 PILOT SPORT PS2 MICHELIN ZR  XL;15000;2;;0;MICHELIN;R21;285;30;Нет
1000262364;1567800;R21 285/30 P ZERO NERO PIRELLI 100Y XL *;15164;1;;0;PIRELLI;R21;285;30;Нет
;;R21 285/35;;;;;;;;;
1000262470;2306200;R21 285/35 P ZERO PIRELLI 105Y XL RUN FLAT *;18250;1;;0;PIRELLI;R21;285;35;Нет
;;R21 295/25;;;;;;;;;
1000255571;513650;R21 295/25 SP SPORT MAXX DUNLOP ZR  MFS XL;16300;2;;0;DUNLOP;R21;295;25; 
;;R21 325/30;;;;;;;;;
1000226661;560765;R21 325/30 SP SPORT MAXX DUNLOP 108Y  XL MFS;16418;более 50;;0;DUNLOP;R21;325;30;Нет
;;R22 265/35;;;;;;;;;
1000275047; ;R22 265/35 102Y  SP SPORT MAXX TT DUNLOP (J)ZR (2010) уцен;4500;4;;0;DUNLOP уценка;R22;265;35;Нет
;;R22 295/30;;;;;;;;;
1000270831;2075800;R22 295/30 SCORPION ZERO ASIMMETRICO PIRELLI 103W XL M+S SUV;14680;2;;0;PIRELLI;R22;295;30;Нет
;;R22 305/45;;;;;;;;;
1000274384; ;R22 305/45 118W  CROSS CONTACT UHP CONTINENTAL(2008) уценка;5000;1;;0;CONTINENTAL уценка;R22;305;45;Нет
1000244330; ;R22 305/45 PROXES S/T (PXST) TOYO 118V;15000;4;;0;TOYO;R22;305;45; 
;;R24 305/35;;;;;;;;;
1000262322;K9155;R24 305/35 V802 YOKOHAMA 112W;10000;1;;0;YOKOHAMA;R24;305;35;Нет
